TeslaDeaths,V1,V2,V3,V4,V5,V6,V7,V8,V9,V10,V11,V12,V13,V14,V15,V16
 , , Date, Country, State, Description, , Tesla driver, Tesla occupant, Other vehicle, Cyclists/ Peds, TSLA+cycl / peds, Model, Autopilot claimed, Reported in NHTSA SGO, Verified Tesla Autopilot Deaths, Excerpt Verifying Tesla Autopilot Deaths
423,2024,6/3/2024, USA, TX, Tesla hits parked tractor-trailer,1, 1, -, -, -, 1, -, -, -, -, -
422,2024,6/1/2024, USA, MD, Tesla hit motorcycle,1, -, -, 1, -, -, -, -, -, -, -
421,2024,5/29/2024, USA, WA," Tesla runs red light, collides with two cars",1, -, -, 1, -, -, -, -, -, -, -
420,2024,5/26/2024, USA, FL, Tesla crashes into a support column and burns,1, 1, -, -, -, 1, -, -, -, -, -
419,2024,5/24/2024, Germany, -," Tesla crashes under bridge, burns",1, 1, -, -, -, 1, -, -, -, -, -
418,2024,5/23/2024, UK, -, Three-way crash,1, 1, -, -, -, 1, 3, -, -, -, -
417,2024,5/22/2024, USA, WA, Tesla crashes offroad,1, 1, -, -, -, 1, -, -, -, -, -
416,2024,5/19/2024, USA, WI, DUI,1, -, -, 1, -, -, -, -, -, -, -
415,2024,5/11/2024, USA, CA, Car crashes into house,3, 1, 2, -, -, 3, -, -, -, -, -
414,2024,5/7/2024, USA, CA, Car goes off cliff,1, 1, -, -, -, 1, -, -, -, -, -
413,2024,5/4/2024, USA, CA, Tesla hits pole,1, 1, -, -, -, 1, -, -, -, -, -
412,2024,4/27/2024, China, -, Tesla falls off cliff,2, 1, 1, -, -, 2, Y, -, -, -, -
411,2024,4/26/2024, USA, MO, Head-on collision,1, -, -, 1, -, -, 3, -, -, -, -
410.1,2024,4/22/2024, Germany, -, Tesla hits bicyclist,1, -, -, -, 1, 1, -, -, -, -, -
410,2024,4/19/2024, USA, WA, Tesla runs into motorcycle,1, -, -, 1, -, -, S, 1, -, -, -
409,2024,4/7/2024, USA, CA," Tesla drives in wrong direction, hits cars",1, -, -, 1, -, -, -, -, -, -, -
408,2024,4/2/2024, USA, GA, Multi-car crash,1, , , , , , -, -, -, -, -
407,2024,4/1/2024, USA, OH, Tesla runs stop sign,2, -, -, 2, -, -, S, -, -, -, -
406,2024,3/24/2024, USA, IN, Tesla hits embankment,1, 1, -, -, -, 1, -, -, -, -, -
405,2024,3/22/2024, USA, AZ, Tesla collides with car head-on,1, -, -, 1, -, -, -, -, -, -, -
404,2024,3/18/2024, USA, FL, Tesla hits pedestrian,1, -, -, -, 1, 1, X, -, -, -, -
403,2024,2/21/2024, USA, GA, Multi-car crash,2, -, -, 2, -, -, -, -, -, -, -
402,2024,2/21/2024, USA, CA, Tesla hits pedestrian,1, -, -, -, 1, 1, Y, -, -, -, -
401,2024,2/20/2024, USA, UT, Car crashes into turning Tesla,1, -,1, -, -, 1, -, -, -, -, -
400,2024,2/18/2024, Canada, -, SUV hits Tesla on highway,1, -,1, -, -, 1, -, -, -, -, -
399,2024,2/14/2024, USA, CA," Tesla hits pole, catches fire",1, 1, -, -, -, 1, 3, -, -, -, -
398,2024,2/14/2024, USA, CA," Tesla driver has ""health incidentt""",1, 1, -, -, -, 1, -, -, -, -, -
397,2024,2/14/2024, UK, -, Mult-car accident,2, 1, 1, -, -, 2, -, -, -, -, -
396,2024,2/11/2024, USA, TX, Tesla backs into pond,1, 1, -, -, -, 1, -, -, -, -, -
395,2024,2/11/2024, USA, CA," Tesla hits pole, ignites",1, 1, -, -, -, 1, 3, -, -, -, -
394,2024,2/7/2024, USA, PA, Tesla crashes into turning car,1, -, -, 1, -, -, X, -, -, -, -
393,2024,2/1/2024, USA, CA, Tesla hits pedestrian,1, -, -, -, 1, 1, -, -, -, -, -
392,2024,1/28/2024, USA, CA, Tesla hits railing,1, 1, -, -, -, -, -, -, -, -, -
391,2024,1/26/2024, USA, CT, Tesla hits tree,1, 1, -, -, -, -, -, -, -, -, -
390.1,2024,1/24/2024, Germany, -, Tesla hits pedestrian leaving car crash,1, -, -, -, 1, 1, -, -, -, -, -
390,2024,1/24/2024, USA, PA, Tesla rolls over and crashes into creek,1, 1, -, -, -, -, -, -, -, -, -
389.1,2024,1/19/2024, Germany, -, Tesla crashes into car,1, -, -, 1, -, 1, -, -, -, -, -
389,2024,1/16/2024, USA, FL, Tesla goes airborne and hits tree,1, 1, -, -, -, -, -, -, -, -, -
388,2024,1/12/2024, USA, CA, Multi-car accident,2, -, -, 2, -, -, -, -, -, -, -
387,2024,1/7/2024, USA, TX, Speeding Tesla hits car,1, 1, -, -, -, 1, -, -, -, -, -
386,2023,12/31/2023, USA, CA, Tesla hits man lying in road,1, -, -, -, 1, 1, -, -, -, -, -
385,2023,12/29/2023, USA, WY," Tesla crosses into incoming traffic, hit, and spins off road",1, -, 1, -, -, 1, Y, 1, 13781-6922, 1, SGO
384,2023,12/28/2023, USA, NJ, Multi-car accident,1, -, -, 1, -, -, -, -, -, -, -
383,2023,12/24/2023, USA, CA, DUI hit and run,1, -, -, -, 1, 1, -, -, -, -, -
382,2023,12/20/2023, USA, GA," Tesla crashes into telephone pole, ignites",2, 1, 1, -, -, 2, -, -, -, -, -
381,2023,12/16/2023, USA, CA, Tesla hits highway divider,1, 1, -, -, -, 1, 3, -, -, -, -
380,2023,12/14/2023, USA, CA, Tesla crashes into trees,1, -, -, -, -, 1, Y, -, -, -, -
379,2023,12/4/2023, UK, -, Truck and Tesla collide,1, 1, -, -, -, 1, -, -, -, -, -
378,2023,11/30/2023, USA, AR, Tesla hit other car on highway,2, -, 1, 1, -, 1, -, -, -, -, -
377,2023,11/15/2023, USA, NC, Moped runs into Tesla,1, -, -, 1, -, -, -, -, -, -, -
376.1,2023,11/14/2023, USA, MN, Hit and run,1, -, -, -, 1, 1, -, 1, 13781-7197 - Tesla disputes this incident and it's currently under review, 1, SGO
376,2023,11/4/2023, USA, WA, Tesla rolls over and hits enbankment,1, 1, -, -, -, -, -, -, -, -, -
375,2023,11/3/2023, USA, FL, Tesla hits a dislodged motorcyclist,1, -, -, -, 1, 1, -, -, -, -, -
374,2023,10/30/2023, USA, NY, Tesla hits multiple cars,1, -, 1, -, -, -, -, -, -, -, -
373,2023,10/30/2023, USA, NY, DUI,1, -, -, 1, -, -, -, -, -, -, -
372,2023,10/26/2023, USA, CA, Motorcycle crashes into Tesla,1, -, -, 1, -, -, -, -, -, -, -
371,2023,10/14/2023, UK, -, Cyclist hit by Tesla,1, -, -, -, 1, 1, -, -, -, -, -
370,2023,10/14/2023, USA, WA, Car hit by oncoming Tesla,1, -, -, 1, -, -, -, -, -, -, -
369,2023,10/14/2023, USA, CA, Stolen Tesla hits minivan,2, 1, -, 1, -, 1, -, -, -, -, -
368,2023,10/13/2023, USA, CA," Tesla hits divider and tree, ignites",2, 1, 1, -, -, 2, -, -, -, -, -
367.1,2023,10/12/2023, USA, SC," Tesla hits trees, catches fire",1, 1, -, -, -, -, -, -, -, -, -
367,2023,10/10/2023, USA, MA, Tesla hits car making u-turn,1, -, -, 1, -, -, -, -, -, -, -
366,2023,10/4/2023, USA, CA," Head-on collision, Tesla catches fire",1, 1, -, -, -, 1, Y, -, -, -, -
365,2023,10/2/2023, USA, CA, Tesla heading in wrong direction collides with car,2, 1, -, 1, -, 1, 3, -, -, -, -
364,2023,9/30/2023, USA, CA, Tesla hits pole,1, 1, -, -, -, 1, Y, -, -, -, -
363,2023,9/25/2023, USA, VA, Rear-end car crash,1, -, -, 1, -, -, -, -, -, -, -
361,2023,9/24/2023, USA, PA, Collision,3, , , , , , -, -, -, -, -
360,2023,9/4/2023, USA, VA, Motorcycle and Tesla head-on collide,1, -, -, 1, -, -, -, -, -, -, -
359,2023,9/1/2023, USA, ID, Tesla crosses center line and hits oncoming car,4, 1, 2, 1, -, 4, -, -, -, -, -
358,2023,8/29/2023, USA, TX, Tesla crashes into wall of hospital,2, 1, 1, -, -, 2, -, -, -, -, -
357.2,2023,8/14/2023, New Zealand, -," Tesla crashes into tree, ignites",1, 1, -, -, -, 1, -, -, -, -, -
357.1,2023,8/14/2023, UK, -, Tesla hits bicyclist,1, -, -, -, 1, 1, -, -, -, -, -
357,2023,8/13/2023, USA, NJ, Motorcycle hits Tesla,1, -, -, 1, -, -, -, -, -, -, -
356,2023,8/12/2023, Germany, -, Tesla hits guardrail and burns,1, 1, -, -, -, 1, -, -, -, -, -
355,2023,8/12/2023, USA, CA, Multi-car accident involving semi,1, , , , , , -, -, -, -, -
354,2023,8/1/2023, USA, CA, Motorcycle hits Tesla,1, -, -, 1, -, -, -, -, -, -, -
353,2023,7/31/2023, USA, TX, Hit and run,1, -, -, -, 1, 1, -, -, -, -, -
352,2023,7/29/2023, USA, UT," Tesla crashes into tree, burns",3, 1, 2, -, -, 3, -, -, -, -, -
351,2023,7/29/2023, USA, TX," Tesla crashes into tree, burns",1, 1, -, -, -, 1, -, -, -, -, -
350,2023,7/22/2023, USA, NC, Tesla crashes into trees,1, 1, -, -, -, 1, -, -, -, -, -
349,2023,7/20/2023, USA, CA, Multi-car accident,1, -, -, -, -, -, -, -, -, -, -
348,2023,7/19/2023, USA, VA, Tesla crashes into side of truck,1, 1, -, -, -, 1, Y, 1, 13781-5996, 1, SGO
346,2023,7/16/2023, USA, FL, Tesla runs off road and crashes into pole,1, 1, -, -, -, 1, Y, -, -, -, -
345,2023,7/8/2023, USA, MN, Speeding Tesla crashes into minivan,1, -, -, 1, -, -, -, -, -, -, -
344,2023,7/8/2023, USA, CA, Tesla crashes in parking lot,3, 1, 2, -, -, 3, -, -, -, -, -
343,2023,7/8/2023, Germany, -, Tesla crashes into trees,1, 1, -, -, -, 1, -, -, -, -, -
342.2,2023,7/7/2023, USA, CA, Tesla hits fire hydrant and burns,2, 1, 1, -, -, 2, -, -, -, -, -
342.1,2023,7/7/2023, USA, CA, Multi Car accident involving DUI,1, -, -, 1, -, -, -, -, -, -, -
342,2023,7/5/2023, USA, CA, Collision,2, -, 1, 1, -, 1, 3, -, 13781-5835, , 
 , , , , , , , , , , , , , , , , 
341,2023,7/4/2023, USA, FL, Tesla crashes into divider,1, 1, -, -, -, 1, -, -, -, -, -
340,2023,7/1/2023, Italy, -, Tesla drives into opposite lane,1, -, -, 1, -, -, -, -, -, -, -
339,2023,7/1/2023, France, -, Tesla hits tree,1, 1, -, -, -, 1, S, -, -, -, -
338,2023,6/29/2023, USA, NY," Tesla crashes into house, explodes",2, 1, -, -, -, 1, X, -, -, -, -
337.1,2023,6/26/2023, USA, WA," Tesla hits trees, ignites",1, 1, -, -, -, -, -, -, -, -, -
337,2023,6/26/2023, USA, CA, Tesla t-bones car,1, -, -, 1, -, -, -, -, -, -, -
336,2023,6/22/2023, USA, MD, Tesla crashes into divider,1, 1, -, -, -, -, -, -, -, -, -
335.1,2023,6/20/2023, USA, CA, Car collides with Tesla,1, -, -, 1, -, -, Y, -, 13781-5785, 1, SGO
335,2023,6/15/2023, USA, FL, Tesla loses control and hits divider,1, 1, -, -, -, -, -, -, -, -, -
334,2023,6/14/2023, USA, CA," Tesla loses control and hits tree, catches fire",2, 1, 1, -, -, -, Y, -, -, -, -
333,2023,6/13/2023, USA, CA, Tesla rolls off road and hits culvert,1, 1, -, -, -, -, -, -, -, -, -
332,2023,6/11/2023, USA, NY, Tesla rolls off road,4, 1, 3, -, -, 4, -, -, -, -, -
331,2023,6/11/2023, USA, MA, Motorcycle crashes into Tesla,1, -, -, 1, -, -, -, -, -, -, -
330,2023,6/7/2023, USA, NY, Tesla hits pedestrian,1, -, -, -, 1, 1, -, -, 13781-5685, 1, SGO
329,2023,6/6/2023, USA, OR," Tesla drifts off interstate, hits tree, catches fire",1, 1, -, -, -, 1, S, -, 13781-5673, 1, SGO
328,2023,5/31/2023, USA, CA, SUV and Tesla collide,2, 1, -, 1, -, 1, -, -, -, -, -
327,2023,5/28/2023, USA, IL, Tesla hits ejected motorcyclist,1, -, -, -, 1, 1, -, -, -, -, -
326.1,2023,5/24/2023, USA, FL, Tesla t-bones car,1, , , 1, , , 3, , -, -, -
326,2023,5/23/2023, USA, CT, Tesla crashes in nine cars,1, 1, -, -, -, 1, -, -, -, -, -
325,2023,5/22/2023, USA, GA," Tesla crashes into woods, catches fire",2, 1, 1, -, -, 2, -, -, -, -, -
324.1,2023,5/15/2023, UK, -, Cyclist hit by Tesla,1, -, -, -, 1, 1, -, -, -, -, -
324,2023,5/14/2023, USA, CA, SUV filled with family members and Tesla collide,3, -, -, 3, -, -, -, -, -, -, -
323,2023,5/13/2023, USA, OR, Tesla collides with tow truck,1, 1, -, -, -, 1, -, -, -, -, -
322,2023,5/7/2023, Ireland, -, Tesla and motorbike collide,1, -, -, 1, -, -, -, -, -, -, -
321,2023,5/5/2023, USA, CA, Motorcycle crashes into Tesla,1, -, -, 1, -, -, -, -, -, -, -
320,2023,5/5/2023, Taiwan, -," Tesla hits barrier, DUI",2, 1, 1, -, -, 2, -, -, -, -, -
319,2023,4/30/2023, USA, NJ, Collision,1, -, -, 1, -, -, -, -, -, -, -
318,2023,4/25/2023, USA, CA, Tesla hits electric bike,1, -, -, -, 1, 1, -, -, -, -, -
317,2023,4/23/2023, USA, CA, Multi Car crash,2, -, -, 2, -, -, 3, -, 13781-5372, 2, SGO
316,2023,4/18/2023, USA, CT," Tesla hits car, car crashes into median",1, -, -, 1, -, -, -, -, -, -, -
315,2023,4/17/2023, USA, TX, Two car collision,1, 1, 1, -, -, 1, 3, -, -, -, -
314,2023,4/14/2023, USA, AL, Tesla crashes into semi,2, 1, 1, -, -, 2, -, -, -, -, -
313,2023,4/3/2023, USA, CA, Fiery crash,1, -, 1, -, -, 1, X, -, -, -, -
312.1,2023,3/28/2023, USA, CA, Pickup hits Tesla,1, -, -, -, -, 1, -, -, 13781-5165, 1, SGO
312,2023,3/25/2023, USA, CA, Hit and run,1, -, -, -, 1, 1, 3, -, -, -, -
311.1,2023,3/15/2023, USA, NJ," Tesla hits tree during snow storm, ignites",1, 1, -, -, -, 1, -, -, -, -, -
311,2023,3/12/2023, USA, UT, Car hits Tesla that crashed into cable barrier; inclement weather,1, -, -, 1, -, -, -, -, -, -, -
310,2023,2/25/2023, USA, MO, Tesla hits turning car,1, -, -, 1, -, -, -, -, -, -, -
309,2023,2/25/2023, USA, CA, Collision,2, 1, 1, -, -, 2, -, -, -, -, -
308,2023,2/21/2023, USA, DC, Multi-car crash,1, 1, -, -, -, 1, 3, -, -, -, -
307,2023,2/20/2023, USA, ID, Tesla drives into embankment,1, 1, -, -, -, 1, -, -, -, -, -
306,2023,2/20/2023, USA, CA, Tesla drives into opposite lane,3, -, 2, 1, -, 2, -, -, -, -, -
305,2023,2/18/2023, USA, CA, Tesla crashes into fire truck,1, 1, -, -, -, 1, -, 1, 13781-4963, 1, SGO
304,2023,2/17/2023, China, -," Tesla lands on front end, crashes into vehicles",1, -, 1, -, -, -, 3, -, -, -, -
303,2023,2/17/2023, USA, NY, Tesla collides with car head-on,4, 1, 1, 2, -, 2, -, -, -, -, -
302,2023,2/15/2023, USA, CO, Four vehicle collision,1, -, -, 1, -, -, -, -, -, -, -
301,2023,2/14/2023, USA, NJ, Pickup hits Tesla,1, -, -, 1, -, -, -, -, -, -, -
300,2023,2/7/2023, USA, TN, Two-car collision,2, 1, 1, -, -, 2, -, -, -, -, -
299,2023,1/31/2023, USA, PA, Speeding Tesla hits pedestrian,1, -, -, -, 1, 1, 3, -, -, -, -
298,2023,1/30/2023, USA, MO, Speeding Tesla crashes into car,1, -, -, 1, -, -, -, -, -, -, -
297,2023,1/21/2023, USA, CA, Tesla crashes into resident's pool,1, 1, -, -, -, 1, -, -, -, -, -
296,2023,1/17/2023, USA, CA, Tesla crashes into back of semi,1, 1, -, -, -, 1, -, -, -, -, -
295,2023,1/7/2023, Canada, -, Tesla crashes,1, 1, -, -, -, 1, -, -, -, -, -
294,2023,1/7/2023, USA, WA," Tesla hits pole, catches on fire",1, -, 1, -, -, 1, -, -, -, -, -
293.1,2023,1/7/2023, USA, WA," Tesla hits pole, ignites",1, -, 1, -, -, 1, -, -, -, -, -
293,2022,12/22/2022, USA, GA, Tesla crashes and burns,1, 1, -, -, -, 1, -, -, -, -, -
292,2022,12/19/2022, Canada, -, Tesla crashes into storefront,1, -, -, -, 1, 1, -, -, -, -, -
291,2022,12/18/2022, USA, CA, Tesla hit two other cars,1, -, 1, -, -, -, -, -, -, -, -
290,2022,12/17/2022, USA, CA, Tesla hits pedestrian on highway,1, -, -, -, 1, 1, -, -, -, -, -
289,2022,12/11/2022, USA, CA, Tesla crashes into wall,1, 1, -, -, -, -, -, -, -, -, -
288,2022,12/11/2022, USA, MO, Collision at intersection,1, -, -, 1, -, -, -, -, -, -, -
287,2022,12/6/2022, Canada, -," Tesla veers, collides with truck",1, 1, -, -, -, -, -, -, -, -, -
286,2022,11/28/2022, China, -," Tesla runs red light, collides with two cars",2, -, -, 2, -, -, Y, -, -, -, -
285,2022,11/27/2022, USA, CA," Tesla careens off road, hits trees",1, 1, -, -, -, 1, -, -, -, -, -
284,2022,11/26/2022, USA, AR, Tesla hits pedestrian,1, -, -, -, 1, 1, -, -, -, -, -
283,2022,11/18/2022, China, -, Tesla crashes into dump truck,1, 1, -, -, -, 1, -, -, -, -, -
282,2022,11/12/2022, Mexico, -, Tesla hits Toyota,1, -, -, 1, -, -, -, -, -, -, -
281,2022,11/12/2022, USA, CA, Multi-vehicle accident,1, -, -, 1, -, -, -, -, -, -, -
280,2022,11/11/2022, USA, CA," Tesla hits wall, catches fire",1, -, 1, -, -, -, -, 1, -, -, -
279,2022,11/5/2022, China, -, Out of control Tesla hits bicyclist and motorcyclist,2, -, -, 1, 1, 1, -, -, -, -, -
278,2022,11/4/2022, USA, IL," Collision at intersection, Tesla driver dies in hospital",1, 1, -, -, -, 1, -, -, -, -, -
277,2022,10/19/2022, USA, CA, Multi-car crash,1, 1, -, -, -, 1, -, -, -, -, -
276,2022,10/18/2022, USA, FL," Tesla collides with minivan, engulfed by flames",4, 1, 1, 2, -, 2, -, -, -, -, -
275,2022,10/12/2022, UK, -, Tesla crashes into ditch,1, 1, -, -, -, 1, -, -, -, -, -
274,2022,10/9/2022, USA, CA, Tesla hits concrete block,1, -, 1, -, -, 1, -, -, -, -, -
273,2022,10/1/2022, USA, FL, Tesla hits tree and catches fire,1, 1, -, -, -, 1, -, -, -, -, -
272,2022,9/18/2022, USA, SC," Tesla crashes into tree, ignites",2, 1, 1, -, -, 2, -, -, -, -, -
271,2022,9/18/2022, USA, MD, Multi-car accident,1, -, -, 1, -, -, -, -, -, -, -
270,2022,9/16/2022, USA, GA," Tesla loses control and crashes into bus shelter, kills man inside",1, -, -, -, 1, 1, -, 1, -, -, -
269,2022,9/13/2022, USA, CA, Tesla runs off highway,1, 1, -, -, -, 1, 3, 1, 13781-4011, 1, SGO
268,2022,9/12/2022, USA, NY," Tesla runs off road, catches fire",1, 1, -, -, -, -, -, -, -, -, -
267,2022,9/7/2022, USA, CA, Motorcycle collides with Tesla,1, 1, -, -, -, -, -, -, -, -, -
266.1,2022,9/-/2022, USA, FL, [REDACTED],1, -, -, -, -, -, Y, -," 13781-5248 | Currently marked as [Unknown] for ""Automated System Engaged?""", 1, SGO
266,2022,8/30/2022, USA, CA, Tesla hits motorcycle,1, -, -, 1, -, -, -, -, -, -, -
265,2022,8/26/2022, USA, FL, Tesla hits motorcycle,1, -, -, 1, -, -, 3, 1, 13781-3713, 1, SGO
264,2022,8/24/2022, USA, MA, Motorcyclist hits Tesla,1, -, -, 1, -, -, -, -, -, -, -
263,2022,8/23/2022, USA, SC, Multi-car accident on highway,2, -, -, 2, -, -, 3, 2, 13781-3710, 2, SGO
262,2022,8/21/2022, UK, -," Car drives thru garage, hits Tesla, lands on railroad tracks",1, -, -, 1, -, -, -, -, -, -, -
261,2022,8/20/2022, USA, FL," Tesla swerves, runs off roadway, overturns",1, 1, -, -, -, 1, S, -, -, -, -
260,2022,8/20/2022, USA, FL, Pedestrian hit in road,1, -, -, -, 1, 1, -, -, -, -, -
259,2022,8/16/2022, Germany, -," Tesla car crashes into tree, burns",3, -, -, -, -, 3, -, -, -, -, -
258,2022,8/14/2022, USA, CA, Tesla veers into oncoming traffic,4, 1, 3, -, -, 4, -, -, -, -, -
257,2022,8/14/2022, Finland, -, Unlicensed driver hits pedestrian,1, -, -, -, 1, 1, -, -, -, -, -
256,2022,8/2/2022, USA, FL, Man in wheelchair hit crossing road,1, -, -, -, 1, 1, 3, -, -, -, -
255,2022,7/27/2022, Canada, -, Tesla hits cyclist,1, -, -, -, 1, 1, -, -, -, -, -
254,2022,7/27/2022, USA, ME, Tesla crashes at high speed,1, 1, -, -, -, 1, -, -, -, -, -
253.1,2022,7/24/2022, USA, TN, Tesla drunk driver,1, -, -, 1, -, -, -, 1, -, -, -
253,2022,7/24/2022, USA, UT, Tesla hits motorcycle,1, -, -, 1, -, -, 3, 1, 13781-3488, 1, SGO
252,2022,7/16/2022, USA, PA, Tesla goes airborne and crashes,1, 1, -, -, -, 1, -, -, -, -, -
251,2022,7/12/2022, China, -, Out of control Tesla hits pedestrians,2, -, -, -, 2, 2, Y, -, -, -, -
250,2022,7/8/2022, USA, CA, 3-car accident involving Tesla,1, -, -, 1, -, -, -, -, -, -, -
249,2022,7/8/2022, USA, HA, Motorcycle crashes into Tesla,1, -, -, 1, -, -, -, -, -, -, -
248,2022,7/7/2022, USA, CA, Motorcycle hit by Tesla,1, -, -, 1, -, -, Y, 1, 13781-3488, 1, SGO
247,2022,7/6/2022, USA, FL, Tesla hits parked tractor-trailer,2, 1, 1, -, -, 2, S, 2, 13781-3327, 2, SGO
246,2022,7/5/2022, USA, GA," Tesla strikes pole, burns",1, 1, -, -, -, 1, -, -, -, -, -
245,2022,6/26/2022, USA, CA, Tesla drives into opposite lane,1, -, -, 1, -, -, -, -, -, -, -
244,2022,6/20/2022, USA, AL, Tesla crashes into car,1, -, -, 1, -, -, -, -, -, -, -
243,2022,6/20/2022, USA, PA, Tesla hit and run,1, -, -, -, 1, 1, -, -, -, -, -
242,2022,6/20/2022, Canada, -, Tesla runs into overpass,1, 1, -, -, -, 1, -, -, -, -, -
241,2022,6/19/2022, USA, MI," Tesla hits telephone pole, ignites",2, 1, 1, -, -, 2, -, -, -, -, -
240,2022,6/17/2022, USA, CA, Head-on collision,2, 1, 1, -, -, 2, -, -, -, -, -
239,2022,6/14/2022, USA, CA, Tesla moves into opposite lane and head-on crashes,1, -, -, 1, -, -, -, -, -, -, -
238,2022,6/13/2022, USA, CA, Two-car collision,1, 1, -, -, -, 1, -, -, -, -, -
237,2022,6/7/2022, USA, CA, DUI crash,1, -, -, -, 1, 1, -, -, -, -, -
236,2022,6/3/2022, USA, NV, Motorcycle crashes into Tesla,1, -, -, 1, -, -, -, -, -, -, -
235,2022,6/-/2022, USA, NJ, [REDACTED],1, , -, -, -, 1, 3, 1, 13781-3513, 1, SGO
234,2022,5/28/2022, USA, NY, Tesla DUI crash,1, -, -, 1, -, -, -, -, -, -, -
233,2022,5/28/2022, USA, OR, Tesla loses control and crashes into car,2, 1, -, 1, -, 1, Y, -, -, -, -
232,2022,5/28/2022, USA, CA, Speeding tesla crashes into tree,1, 1, -, -, -, 1, -, -, -, -, -
231,2022,5/25/2022, USA, OR, Tesla crashes into pole,1, -, 1, -, -, 1, S, -, -, -, -
230,2022,5/23/2022, USA, AZ,  Tesla driver hit in multi-car accident,1, 1, -, -, -, 1, -, 1, -, -, -
229,2022,5/21/2022, China, -, Tesla hits pedestrian,1, -, -, -, 1, 1, -, -, -, -, -
228,2022,5/19/2022, USA, NJ," Tesla hits trees, ignites",1, 1, -, -, -, 1, -, -, -, -, -
227,2022,5/19/2022, USA, NJ, Multiple car crash on highway,1, 1, -, -, -, 1, -, -, -, -, -
226,2022,5/18/2022, USA, CA, Tesla hits pedestrian,1, -, -, -, 1, 1, 3, 1, 13781-3279, 1, SGO
225,2022,5/17/2022, USA, CO, Fiery crash,1, 1, -, -, -, 1, 3, 1, 13781-3074, 1, SGO
224,2022,5/12/2022, Australia, -, Tesla hits electric bike who dies 5 days later from injuries,1, -, -, -, 1, 1, X, -, -, -, -
223,2022,5/12/2022, USA, CA, Tesla smashes into construction equipment,3, 1, 2, -, -, 3, S, 1, -, -, -
222,2022,5/7/2022, USA, UT, Tesla DUI involving another vehicle,2, -, -, 2, -, -, -, -, -, -, -
221,2022,5/1/2022, USA, PA, Tesla DUI hits pedestrian,1, -, -, -, 1, 1, -, -, -, -, -
220,2022,4/29/2022, USA, NC," Highway accident, Tesla goes airborne",1, 1, -, -, -, -, -, -, -, -, -
219,2022,4/14/2022, USA, FL, Crash with motorcycle,1, -, -, 1, , -, Y, 1, 13781-3470, 1, SGO
218,2022,4/10/2022, UK, -, Two car accident,1, -, -, 1, -, -, -, -, -, -, -
217,2022,4/8/2022, Netherlands, -, Head-on collision with truck and Tesla,1, -, -, -, -, 1, -, -, -, -, -
216,2022,3/27/2022, USA, CA," DUI crash on highway, Tesla catches fire",1, -, -, -, -, 1, Y, 1, 13781-2600, 1, SGO
215,2022,3/21/2022, USA, CA, Three car collision involving Tesla,2, -, -, 2, -, -, -, -, -, -, -
214,2022,3/20/2022, USA, CA, Car crosses double yellow and crashes with a Tesla,2, 1, -, 1, -, 1, 3, -, -, -, -
213,2022,3/14/2022, USA, CA, Tesla collides into rail on highway,2, 1, 1, -, -, 1, -, -, -, -, -
212,2022,3/14/2022, USA, FL, Tesla crash that ends in fire,1, 1, -, -, -, 1, -, -, -, -, -
211,2022,3/13/2022, Switzerland, -, Frontal collision between Tesla and VW,1, -, -, 1, -, 1, -, -, -, -, -
210,2022,3/12/2022, USA, NY, Tesla ignites on parkway,1, 1, -, -, -, 1, S, -, -, -, -
209,2022,3/7/2022, China, -," Tesla on Autopilot hits maintenance car, then BMW hits responder",1, -, -, -, 1, 1, -, 1, -, -, -
208,2022,3/7/2022, USA, CA, Car found overturned in a ravine,1, 1, -, -, -, 1, -, -, -, -, -
207,2022,3/5/2022, USA, CA, Tesla crashes head on with other car,1, -, -, 1, -, -, -, -, -, -, -
206,2022,2/28/2022, USA, ID, Car found in water-swollen ditch,1, 1, -, -, -, 1, -, -, -, -, -
205,2022,2/27/2022, USA, MO, Tesla breaks down in traffic and causes pile-up,1, 1, -, -, -, 1, -, -, -, -, -
204,2022,2/12/2022, USA, CA, Tesla crashes into a tree,1, 1, -, -, -, 1, -, -, -, -, -
203,2022,2/7/2022, USA, FL," Tesla loses control, hits pole, ignites",1, 1, -, -, -, 1, -, -, -, -, -
202,2022,1/16/2022, USA, CA, Three-car collision near intersection,1, -, -, 1, -, -, -, -, -, -, -
201,2022,1/1/2022, USA, CA, Motorcyclist crashes into Tesla,1, -, -, 1, -, -, X, -, -, -, -
200,2022,1/1/2022, USA, CA, Single-collision on onramp,1, 1, -, -, -, 1, -, -, -, -, -
199,2021,12/31/2021, USA, CA, Tesla crashes into trees,2, 1, 1, -, -, 2, -, -, -, -, -
198,2021,12/28/2021, USA, CA, Multi-crash involving DUI,1, -, -, 1, -, -, 3, 1, 13781-3900, 1, SGO
197,2021,12/24/2021, China, -, Tesla loses control and drives into river,1, 1, -, -, -, 1, -, -, -, -, -
196,2021,12/18/2021, USA, CA, Multi-car accident,1, -, -, 1, -, -, Y, -, -, -, -
195,2021,12/11/2021, France, -, Crash in public area including 20 injuries,1, -, -, -, 1, 1, -, -, -, -, -
194,2021,12/7/2021, USA, AZ, Vehicular collision,1, 1, -, -, -, 1, -, -, -, -, -
193,2021,12/7/2021, Germany, -," Tesla crashes into trees, flames erupt",1, 1, -, -, -, 1, -, -, -, -, -
192,2021,12/2/2021, China, -, Motorbiker killed by Tesla,1, -, -, 1, -, -, -, -, -, -, -
191,2021,12/1/2021, USA, CA," Collision with pole, battery ignited",1, 1, -, -, -, 1, 3, -, -, -, -
190,2021,11/29/2021, USA, CA, DUI crash with parked car,1, -, -, 1, -, -, -, -, -, -, -
189,2021,11/15/2021, USA, CA, Pedestrian hit at crosswalk,1, -, -, -, -, 1, -, -, -, -, -
188,2021,11/8/2021, USA, AZ, Three car collision,1, -, -, 1, -, -, -, -, -, -, -
187,2021,11/8/2021, USA, OH," Tesla hits fixture, catches fire",1, 1, -, -, -, 1, -, -, -, -, -
186,2021,11/6/2021, USA, NV, DUI crash,1, -, 1, -, -, 1, Y, -, -, -, -
185,2021,11/4/2021, USA, FL, Tesla hits bicyclist before crashing,1, -, -, -, 1, 1, -, -, -, -, -
184,2021,10/28/2021, USA, GA, Multi-collision event on highway,1, -, -, 1, -, -, -, -, -, -, -
183,2021,10/15/2021, USA, AZ, Toyota hits Tesla,1, -, -, 1, -, -, -, -, -, -, -
182,2021,9/17/2021, USA, IA, Three-way car collision,1, -, -, 1, -, -, -, -, -, -, -
181,2021,9/13/2021, USA, FL," Tesla suffers suspension failure, hits tree, and ignites on fire",2, 1, 1, -, -, 2, 3, -, -, -, -
180,2021,9/4/2021, China, -, Tesla hit pedestrian crossing road,1, -, -, -, 1, 1, -, -, -, -, -
179,2021,9/4/2021, USA, FL," Tesla runs stop sign, crashes into house",2, -, 1, -, 1, 2, S, -, -, -, -
178,2021,8/29/2021, USA, NY," Car hits utility pole, ignites",2, 1, 1, -, -, 2, 3, -, -, -, -
177,2021,8/26/2021, Netherlands, -, Tesla hits tree,1, 1, -, -, -, 1, -, -, -, -, -
176,2021,8/25/2021, USA, AZ, Tesla runs a red light and hits another car,3, -, -, 3, -, -, -, -, -, -, -
175,2021,8/17/2021, USA, PA, Tesla crashes into guardrail,1, 1, -, -, -, 1, 3, -, -, -, -
174,2021,7/26/2021, Netherlands, -," Four vehicle collision, Tesla catches fire",1, -, -, , -, -, -, -, -, -, -
173,2021,7/26/2021, USA, NY, Pedestrian hit on shoulder,1, -, -, -, 1, 1, Y, 1, 13781-21, 1, SGO
172,2021,7/23/2021, USA, GA, Tesla Driver loses control and hits median barrier,1, 1, -, -, -, 1, 3, -, -, -, -
171,2021,7/21/2021, USA, GA, Tesla driver hits man on shoulder of highway,1, -, -, -, 1, 1, -, -, -, -, -
170,2021,7/7/2021, USA, CA, Other driver dies in head-on collision,1, -, -, 1, -, -, S, -, -, -, -
169,2021,6/29/2021, USA, CA," Car crashes into Tesla, fire breaks out",2, 1, -, 1, -, 1, -, -, -, -, -
168,2021,6/19/2021, USA, MI," Tesla hits power pole, runs off road, and ignites",2, 1, 1, -, -, 2, -, -, -, -, -
167,2021,6/16/2021, USA, FL," Tesla crashes, driver later dies in hospital",1, 1, -, -, -, 1, -, -, -, -, -
166,2021,6/16/2021, Denmark, -," Driver loses control of car, crashes into tree",1, 1, -, -, -, 1, -, -, -, -, -
165,2021,6/11/2021, USA, WA, Tesla crashes through backyard fence,1, 1, -, -, -, 1, -, -, -, -, -
164,2021,6/11/2021, USA, NY, Driver crashes into senior living facility,1, -, 1, -, -, 1, -, -, -, -, -
163,2021,6/1/2021, USA, WA," Tesla hits concrete barrier, later catches on fire",1, 1, -, -, -, 1, -, -, -, -, -
162,2021,5/26/2021, USA, VA, Tesla involved in multi-car highway accident,4, -, -, 4, -, -, -, -, -, -, -
161,2021,5/15/2021, China, -, Tesla hits police officers and kills one,1, -, -, -, 1, 1, -, -, -, -, -
160,2021,5/7/2021, China, -, Tesla runs into back of truck,1, 1, -, -, -, 1, -, -, -, -, -
159,2021,5/5/2021, USA, CA, Multi-event collision with truck on highway,1, 1, -, -, -, 1, 3, 1, 13781-5609, 1, SGO
158,2021,4/17/2021, USA, TX," Tesla crashes into tree, bursts into fire",2, -, -, -, -, 2, S, 2, -, -, -
157,2021,4/17/2021, China, -, Tesla hits concrete barrier and spontaneously combusts,1, -, 1, -, -, 1, -, -, -, -, -
156,2021,4/16/2021, France, -, Tesla crashes into tree with 5 occupants,2, -, -, -, -, 2, -, -, -, -, -
155,2021,4/14/2021, USA, TX, Head-on collision involving a Tesla,1, 1, -, -, -, 1, -, -, -, -, -
154,2021,4/13/2021, Germany, -," Tesla goes off road, hits a tree, and bursts into flames",1, 1, -, -, -, 1, S, -, -, -, -
153,2021,4/3/2021, USA, PA," Tesla loses control, hits railing and cut in half",2, 1, 1, -, -, 2, -, -, -, -, -
152,2021,4/1/2021, Taiwan, -," Driver hit traffic island, Tesla catches on fire",1, 1, -, -, -, 1, 3, -, -, -, -
151,2021,3/21/2021, UK, -," Pedestrian hit in collision, later dies in hospital weeks later",1, -, -, -, 1, 1, -, -, -, -, -
150,2021,3/20/2021, Belgium, -," Driver runs over curb, loses control and hit pole",1, 1, -, -, -, 1, -, -, -, -, -
149,2021,3/13/2021, UK, -, Tesla crashes into stationary van,1, -, -, 1, -, -, 3, -, -, -, -
148,2021,3/10/2021, USA, CA," Tesla crashes into tree, occupants killed",2, 1, 1, -, -, 1, -, -, -, -, -
147,2021,3/7/2021, USA, OH, 3 car collision near intersection,1, -, -, 1, -, -, -, -, -, -, -
146.1,2021,3/5/2021, UK, -, Tesla hits crashed car,1, -, -, 1, -, -, -, -, -, -, -
146,2021,2/22/2021, USA, CA, High speed crash into telephone poll,1, 1, -, -, -, 1, -, -, -, -, -
145,2021,1/22/2021, USA, AZ," Tesla crashes into tree, occupants killed",2, 1, 1, -, -, 2, -, -, -, -, -
144,2021,1/21/2021, USA, CO," Tesla hits car and car crashes, driver later dies",1, -, -, 1, -, -, -, -, -, -, -
143,2021,1/15/2021, USA, FL," Head-on collision involving a Tesla, other driver dies",1, -, -, 1, -, -, -, -, -, -, -
142,2021,1/10/2021, USA, UT," Car collides with Tesla, both drivers die",2, 1, -, 1, -, -, -, -, -, -, -
141,2020,12/18/2020, Portugal, -, Tesla driver crashes into pole and dies in resulting fire,1, 1, , -, -, 1, -, -, -, -, -
140,2020,12/11/2020, USA, FL," Pedestrians hit and run by Tesla, one died from injuries",1, -, -, -, 1, 1, -, -, -, -, -
139,2020,12/9/2020, South Korea, -," Car goes out of control and crashes into a wall, ignites",1, -, 1, -, -, 1, X, 1, -, -, -
138,2020,12/4/2020, USA, CA," Car loses control, goes airborne, hits telephone pole",1, -, 1, -, -, 1, -, -, -, -, -
137,2020,11/16/2020, USA, MO, Five-vehicle pileup involving truck,1, -, -, 1, -, -, Y, -, -, -, -
136,2020,10/31/2020, USA, CA," Car hit by a Tesla, driver later died from injuries",1, -, -, 1, -, -, Y, -, -, -, -
135,2020,10/10/2020, USA, CA, Motorcyclist died after rear-ending a Tesla,1, -, -, 1, -, -, Y, -, -, -, -
134,2020,10/7/2020, Belgium, -," Driver going wrong direction hits Tesla, driver later dies",1, -, -, 1, -, -, 3, , -, -, -
133,2020,9/17/2020, USA, GA," Car loses control, hits bus shelter",1, -, -, , 1, 1, 3, 1, 13781-3847, 1, SGO
132,2020,9/12/2020, USA, CA," Car lands on Tesla, other vehicle driver dies",1, -, -, 1, -, -, -, -, -, -, -
131,2020,9/6/2020, USA, IL," Tesla runs thru red light, crashes, driver dies at scene",1, 1, -, -, -, 1, -, -, -, -, -
130,2020,9/5/2020, China, -," Tesla crashes into crowd, 2 dead and several injured",2, -, -, -, 2, 2, X, -, -, -, -
129,2020,8/24/2020, USA, VA," Two car collision at intersection, other driver dies afterwards",1, -, -, 1, -, -, X, -, -, -, -
128,2020,8/13/2020, Germany, -, Tesla crashes into tree,1, 1, -, -, -, 1, X, 1, -, -, -
127,2020,8/12/2020, USA, CA, Tesla hits two cars along exit ramp & catches fire,2, 1, 1, -, -, 1, -, 1, -, -, -
126,2020,8/2/2020, USA, CA," Tesla crashes into tree, ignites, kills driver and passenger",2, 1, 1, -, -, 1, -, -, -, -, -
125,2020,7/18/2020, USA, UT," Tesla races other car, other car crashes",1, -, -, 1, -, -, -, -, -, -, -
124,2020,6/23/2020, USA, GA, Vehicle collides with Tesla at intersection,1, -, -, 1, -, -, -, -, -, -, -
123,2020,6/21/2020, Germany, -," Tesla veers into other lane, crashes into oncoming car",3, -, -, 3, -, -, 3, 1, -, -, -
122,2020,6/17/2020, Canada, -, Motorcyclist killed in crash with Tesla,1, -, -, 1, -, -, -, , -, -, -
121,2020,6/8/2020, Netherlands, -, Driver has heart attack and crashes Tesla,1, 1, -, -, -, 1, 3, -, -, -, -
120,2020,5/25/2020, USA, CA, Tesla goes off cliff and later found,1, 1, -, -, -, 1, -, -, -, -, -
119,2020,5/14/2020, USA, CA, Two-car collision,1, -, -, 1, -, -, 3, 1," 13781-2423 | Currently marked as [Unknown] for ""Automated System Engaged?""", 1, SGO
118,2020,5/5/2020, USA, CA, Drunk driver strikes Tesla,1, -, -, 1, -, -, -, -, -, -, -
117,2020,5/4/2020, Norway, -, Tesla strikes and kills a man standing next to his truck,1, -, -, 1, -, -, S, 1,  missing/unclaimed, 1," ""Underskelsen har videre vist at personbilens adaptive cruisekontroll og autostyring var aktivert p ulykkestidspunktet."""
 , , , , , , , , , , , , , , , , 
 , , , , , , , , , , , , , , , , 
116,2020,4/24/2020, Netherlands, -," Tesla runs off road, crashes, catches fire",1, 1, -, -, -, 1, -, -, -, -, -
115,2020,4/3/2020, Taiwan, -, Tesla rolls over and catches on fire,1, 1, -, -, -, 1, 3, -, -, -, -
114,2020,4/1/2020, USA, OH, Tesla drive off road into tree,1, 1, -, -, -, 1, 3, -, -, -, -
113,2020,3/8/2020, USA, GA, Motorcyclist rear ends Tesla,1, -, -, 1, -, -, -, -, -, -, -
112,2020,3/4/2020, Netherlands, -, Three car collision,1, -, -, 1, -, -, -, -, -, -, -
111,2020,2/24/2020, USA, CA, Driver dies as Tesla goes down embankment,1, 1, -, -, -, 1, -, -, -, -, -
110,2020,2/24/2020, Canada, -, Tesla drives off cliff,3, 1, 2, -, -, 3, 3, -, -, -, -
109,2020,1/31/2020, USA, FL, Nissan in front of Tesla loses control,1, -, -, 1, -, -, 3, -, -, -, -
108,2020,1/26/2020, USA, NJ, Tesla crashes into car at toll booth,1, -, -, 1, -, -, X, -, -, -, -
107,2020,1/21/2020, Germany, -, Sudden unintended acceleration kills store patron,1, -, -, -, 1, 1, S, -, -, -, -
106,2020,1/19/2020, Taiwan, -," Tesla t-bones sedan, kills pedestrian",1, -, -, -, 1, 1, X, -, -, -, -
105,2020,1/18/2020, USA, CA," Tesla strikes sign, burns",1, 1, -, -, -, 1, S, -, -, -, -
104,2020,1/5/2020, USA, UT," Tesla runs red, strikes car, burns",2, -, -, 2, -, -, -, -, -, -, -
103,2020,1/4/2020, USA, FL, Tesla strikes Mercury,1, -, -, 1, -, -, 3, -, -, -, -
102,2019,12/29/2019, USA, IN, Tesla rear ends parked fire truck,1, -, 1, -, -, 1, 3, 1,  missing/unclaimed, 1," ""The involved subject vehicles were all confirmed to have been engaged in either Autopilot or Traffic Aware Cruise Control during the approach to the crashes."""
101,2019,12/29/2019, USA, CA, Tesla runs red light after exiting freeway,2, -, -, 2, -, -, S, 2,  missing/unclaimed, 2,###############################################################################################################################################################################################################################################################
 , , , , , , , , , , , , , , , , 
 , , , , , , , , , , , , , , , , 
100,2019,12/23/2019, Slovenia, -, Drunk driver strikes Tesla,1, -, -, 1, -, -, S, -, -, -, -
99,2019,12/19/2019, USA, FL, Police SUV strikes Tesla,2, 1, 1, -, -, 2, -, -, -, -, -
98,2019,12/11/2019, USA, CA, Tesla strikes turning Lexus,1, -, -, 1, -, -, X, -, -, -, -
97,2019,12/10/2019, USA, NV, Kia rear ends Tesla,1, -, -, 1, -, -, -, -, -, -, -
96,2019,12/1/2019, USA, TX, Struck Ford veers into Tesla's lane,2, -, -, 2, -, -, -, -, -, -, -
95,2019,11/24/2019, Taiwan, -," Tesla strikes divider, driver falls to death",1, 1, -, -, -, 1, 3, -, -, -, -
94,2019,11/22/2019, USA, CA, Tire strikes Tesla,1, 1, -, -, -, 1, -, -, -, -, -
93,2019,11/21/2019, USA, CA, Tesla kills pedestrian,1, -, -, -, 1, 1, S, -, -, -, -
92,2019,11/20/2019, Austria, -, Tesla strikes impact attenuator,1, 1, -, -, -, 1, 3, -, -, -, -
91,2019,11/20/2019, USA, FL, Tesla turns into oncoming traffic,1, 1, -, -, -, 1, 3, -, -, -, -
90,2019,11/20/2019, USA, CA, Tesla in multi vehicle crash,1, -, -, 1, -, -, -, -, -, -, -
89,2019,11/14/2019, Germany, -, Tesla kills pedestrian,1, -, -, -, 1, 1, 3, -, -, -, -
88,2019,11/10/2019, USA, FL, Wrong way driver strikes Tesla,1, -, -, 1, -, -, -, -, -, -, -
87,2019,11/7/2019, USA, CA, Two car collision,1, -, -, 1, -, -, 3, -, -, -, -
86,2019,11/1/2019, Norway, -, Three car collision,1, -, -, -, -, -, S, -, -, -, -
85,2019,10/19/2019, USA, PA," Man thrown from vehicle, struck by Tesla",1, -, -, 1, -, -, X, 1," 13781-1979 | Currently marked as [Unknown] for ""Automated System Engaged?""", 1, SGO
84,2019,10/17/2019, Germany, -, Tesla turns into oncoming motorcyclist,1, -, -, 1, -, -, S, -, -, -, -
83,2019,10/12/2019, USA, CA," Wrong way driver strikes Tesla, Tesla burns",1, -, -, 1, -, -, S, -, -, -, -
82,2019,9/22/2019, USA, NV, Tesla runs red light,1, -, -, 1, -, -, 3, -, -, -, -
81,2019,9/17/2019, USA, FL, Tesla into oncoming traffic,1, 1, -, -, -, 1, -, 1, -, -, -
80,2019,9/11/2019, USA, OH, Subaru strikes Tesla,1, -, -, 1, -, -, S, -, -, -, -
79,2019,9/11/2019, USA, VA, Tesla kills motorcyclist,1, -, -, 1, -, -, S, -, -, -, -
78,2019,9/8/2019, USA, CA, Honda rear ends Tesla,1, -, -, 1, -, -, -, -, -, -, -
77,2019,9/7/2019, USA, PA," Tesla drives through T intersection, into woods",1, -, 1, -, -, 1, 3, -, -, -, -
76,2019,9/1/2019, Germany, -, Tesla into oncoming traffic,2, -, -, 2, -, -, -, -, -, -, -
75,2019,8/24/2019, USA, CA, Tesla rear ends Ford,1, -, -, 1, -, -, 3, 1,  missing/unclaimed, 1,###############################################################################################################################################################################################################################################################
74,2019,8/15/2019, Germany, -, Tesla kills motorcyclist,1, -, -, 1, -, -, S, -, -, -, -
73,2019,8/-/2019, USA, NY, Collision,1, , , , , 1, X, 1, 13781-1785, 1, SGO
72,2019,7/21/2019, USA, DE," Tesla drives into office building, kills occupant",1, -, -, -, 1, 1, 3, -, -, -, -
71,2019,7/21/2019, USA, CA, Tesla kills pedestrian,1, -, -, -, 1, 1, 3, -, -, -, -
70,2019,7/13/2019, USA, CA, Tesla kills pedestrian,1, -, -, -, 1, 1, -, -, -, -, -
69,2019,7/8/2019, USA, IA, Car drifts into Tesla's lane,1, -, -, 1, -, -, S, -, -, -, -
68,2019,6/30/2019, USA, CA, Single car crash near Menifee,1, 1, -, -, -, 1, 3, 1, -, -, -
67,2019,6/7/2019, Ukraine, -, Tesla strikes construction vehicle,1, -, 1, -, -, 1, X, -, -, -, -
66,2019,6/4/2019, USA, CA, Six vehicle crash,1, -, -, 1, -, -, S, -, -, -, -
65,2019,5/31/2019, USA, CA, Tesla rear ends Ford,1, -, -, 1, -, -, -, -, -, -, -
64,2019,4/30/2019, Spain, -, Car drifts into Tesla's lane,1, -, -, 1, -, -, S, -, -, -, -
63,2019,4/25/2019, USA, FL, Tesla kills pedestrian,1, -, -, -, 1, 1, S, 1,  missing/unclaimed, 1," ""Neither he nor Autopilot noticed that the road was ending and the Model S drove past a stop sign and a flashing red light."""
62,2019,4/15/2019, USA, CA, Tesla strikes on-ramp curb,1, -, 1, -, -, 1, -, -, -, -, -
61,2019,3/18/2019, Canada, -," Tesla strikes pole, burns",1, 1, -, -, -, 1, X, -, -, -, -
60,2019,3/10/2019, USA, FL, BMW strikes Tesla,1, -, 1, -, -, 1, 3, -, -, -, -
59,2019,3/1/2019, USA, FL, Autopilot into firetruck,1, 1, -, -, -, 1, 3, 1,  missing/unclaimed, 1," ""The National Transportation Safety Board (NTSB) on Wednesday cited driver errors and Tesla Incs Autopilot design as the probable cause of a January 2018 crash of a Model S into a parked fire truck on a highway in California."""
58,2019,2/24/2019, USA, FL," Tesla crashes into tree, burns",1, 1, -, -, -, 1, S, -, -, -, -
57,2019,2/18/2019, USA, CA, Tesla rear ends stopped car,1, 1, -, -, -, 1, S, -, -, -, -
56,2019,1/30/2019, Holland, -, Driver mistakenly believes Autopilot is on,1, -, -, 1, -, -, S, 1, -, -, -
55,2018,12/30/2018, USA, VA," Early morning, single car collision",1, 1, -, -, -, 1, 3, -, -, -, -
54,2018,12/26/2018, USA, NH, Burned in New Ipswich crash,1, -, 1, -, -, 1, X, -, -, -, -
53,2018,11/15/2018, Denmark, -, Tesla into oncoming traffic,1, -, -, 1, -, -, S, -, -, -, -
52,2018,11/10/2018, USA, FL, Tesla kills motorcyclist,1, -, -, 1, -, -, X, -, -, -, -
51,2018,11/9/2018, USA, CA, Tesla crashes into tree,2, -, 2, -, -, 2, S, -, -, -, -
50,2018,10/26/2018, Canada, -, Tesla drives off road,1, -, 1, -, -, 1, S, -, -, -, -
49,2018,9/21/2018, USA, CA, Single car collision in Anaheim on SR-91,1, 1, -, -, -, 1, S, -, -, -, -
48,2018,9/15/2018, Japan, -, Tesla rear ends stopped car,2, -, -, 2, -, -, X, -, -, -, -
47,2018,8/4/2018, Holland, -, Tesla crashes into tree,1, -, 1, -, -, 1, S, -, -, -, -
46,2018,7/24/2018, USA, MO, Concrete falls on Tesla,1, 1, -, -, -, 1, -, -, -, -, -
45,2018,5/20/2018, USA, CA, Tesla drives into pond,1, 1, -, -, -, 1, S, -, -, -, -
44,2018,5/10/2018, Switzerland, -," Tesla drives into median, burns",1, 1, -, -, -, 1, -, -, -, -, -
43,2018,5/8/2018, USA, FL, Two teens trapped in burning Tesla,2, 1, 1, -, -, 2, S, -, -, -, -
42,2018,4/29/2018, Japan, -, Sleeping Tesla driver kills pedestrian,1, -, -, 1, -, -, X, 1,  missing/unclaimed, 1," ""On April 29, 2018, on an expressway near Tokyo, Japan, Tesla Model X vehicle with"
 , , , , , , , , , , , , , , , , 
41,2018,4/28/2018, USA, OH, Ohio prom night crash,1, -, 1, -, -, 1, S, -, -, -, -
40,2018,3/23/2018, USA, CA, Autopilot into highway barrier,1, 1, -, -, -, 1, -, 1,  missing/unclaimed, 1," ""Tesla has said a car that crashed in California last week, killing its driver, was operating on Autopilot."""
39,2018,3/12/2018, China, -, Tesla kills pedestrian,1, -, -, -, 1, 1, -, -, -, -, -
38,2018,3/12/2018, Norway, -, Sudden unintended acceleration into wall,1, 1, -, -, -, 1, -, -, -, -, -
37,2017,11/22/2017, Switzerland, -, Tesla rear ends stopped car,1, -, -, 1, -, -, S, -, -, -, -
36,2017,11/14/2017, Australia, -, Tesla kills cyclist,1, -, -, -, 1, 1, -, -, -, -, -
35,2017,9/24/2017, USA, TN, Tesla drives off road,1, 1, -, -, -, 1, -, -, -, -, -
34,2017,8/13/2017, USA, AZ, Tesla kills motorcyclist,1, -, -, 1, -, -, -, -, -, -, -
33,2017,7/21/2017, USA, AZ, Wrong way driver strikes Tesla,1, -, -, 1, -, -, -, -, -, -, -
32,2017,6/25/2017, USA, CA, Tesla strikes Camry,1, -, -, 1, -, -, -, -, -, -, -
31,2017,6/10/2017, USA, HI, Unclear; see note at right,1, -, -, 1, -, -, S, -, -, -, -
30,2017,5/11/2017, USA, FL, Tesla into oncoming traffic,1, -, -, 1, -, -, -, -, -, -, -
29,2017,4/26/2017, Norway, -, Tesla into oncoming traffic,1, -, -, 1, -, -, -, -, -, -, -
28,2017,3/13/2017, USA, CA, Tesla kills pedestrian,1, -, -, -, 1, 1, -, -, -, -, -
27,2017,1/17/2017, Germany, -, Driver died in pileup,1, 1, -, -, -, 1, -, -, -, -, -
26,2016,12/20/2016, USA, CA, Tesla kills pedestrian,1, -, -, -, 1, 1, X, -, -, -, -
25,2016,11/23/2016, USA, IL, Driver dead in Winnebago County,1, 1, -, -, -, 1, S, -, -, -, -
24,2016,11/3/2016, USA, IN, Indianapolis fire,2, 1, 1, -, -, 2, -, -, -, -, -
23,2016,10/10/2016, USA, NH, Pileup,1, -, -, 1, -, -, S, -, -, -, -
22,2016,10/7/2016, USA, CA, Tesla kills motorcyclist,1, -, -, 1, -, -, -, -, -, -, -
21,2016,9/7/2016, Holland, -, Drove into wooded ravine,1, 1, -, -, -, 1, -, -, -, -, -
20,2016,9/1/2016, USA, FL, Motorcyclist rear ends Tesla,1, -, -, 1, -, -, -, -, -, -, -
19,2016,8/15/2016, USA, CA, Tesla rear ended,1, -, 1, -, -, 1, S, -, -, -, -
18,2016,7/29/2016, USA, FL, Tesla kills pedestrian,1, -, -, -, 1, 1, -, -, -, -, -
17,2016,7/22/2016, USA, CA, Passat strikes Tesla,1, -, -, 1, -, -, S, -, -, -, -
16,2016,6/8/2016, USA, HI, Nissan Altima wrong way into Tesla,1, -, -, 1, -, -, -, -, -, -, -
15,2016,5/7/2016, USA, FL, Autopilot into 18 wheeler,1, 1, -, -, -, 1, -, 1,  missing/unclaimed, 1," ""But Mr. Brown became a victim of an innovation geared precisely to people like him when his Tesla Model S electric sedan collided with a semitrailer truck on a Florida highway in May, making him the first known fatality in a self-driving car."""
14,2016,4/22/2016, USA, CA, Pedestrian killed in pileup,1, -, -, -, 1, 1, S, -, -, -, -
13,2016,4/8/2016, USA, OH, Chevy Cobalt wrong way into Tesla,1, -, -, 1, -, -, -, -, -, -, -
12,2016,1/20/2016, China, -, Autopilot into street sweeper,1, 1, -, -, -, 1, S, 1,  missing/unclaimed, 1," ""Vehicle maker Tesla has confirmed that one of its electric vehicles involved in a fatal crash in northern China two years ago did have its ""Autopilot"" function engaged at the time of the crash, reports China Central Television (CCTV)."""
11,2015,12/28/2015, USA, TX, Sudden unintended acceleration into pool,1, 1, -, -, -, 1, -, -, -, -, -
10,2015,12/22/2015, Canada, -, Struck by dump truck,1, 1, -, -, -, 1, -, -, -, -, -
9,2015,11/18/2015, USA, CA, Tesla kills pedestrian,1, -, -, -, 1, 1, -, -, -, -, -
8,2015,6/22/2015, USA, CA, Tesla drives off cliff,1, 1, -, -, -, 1, -, -, -, -, -
7,2015,1/22/2015, USA, CA, Tesla drives off cliff,1, 1, -, -, -, 1, S, -, -, -, -
6,2014,12/30/2014, USA, CA, Tesla drives off cliff,1, 1, -, -, -, 1, -, -, -, -, -
5,2014,7/14/2014, USA, CA, Tesla kills motorcyclist,1, -, -, 1, -, -, -, -, -, -, -
4,2014,7/4/2014, USA, CA, Thief crashes stolen Tesla,1, 1, -, -, -, 1, -, -, -, -, -
3,2014,7/4/2014, USA, CA, Tesla rear ends stopped car,3, -, -, 3, -, -, -, -, -, -, -
2,2013,11/2/2013, USA, CA, Tesla kills cyclist,1, -, -, -, 1, 1, -, -, -, -, -
1,2013,4/2/2013, USA, CA, Tesla veers into opposite lane,2, -, -, 2, -, -, S, -, -, -, -
 , , , , , , , , , , , , , , , , 
 , , , , , ,116, 38, 12, 33, 25, 81, , 8, 27, 3, 
 , , , , , ,426, 146, 72, 154, 39, 241, , 43, , 41, 
 , , , , , ,542, 184, 84, 187, 64, 322, , 51, 27, 44, 
 , , , , , , , , , , , , , , , , 
 , , , , , , , , , , , , , 47, 140, 119, 
 , , , , , , , , , , , , ,2024,2023,2022, 
 , , , , , ,3, 3, 6, 5, 16, 11, 21, 51, 47, 76, 
 , , , , , ,2013,2013,2014,2015,2016,2017,2018,2019,2020,2021, 
 , , , , , , , , , , , , , , , , 
 , , , , , , , , , , , , , , , , 
 , , , , , , , , , , , , , , , , 
 , , , , , , , , , , , , , , , , 
 , , , , ," Note: AutoPilot released Oct 14, 2015", , , , , , , , , , , 
 , , , , , , , , , , , , , , , , 
 , , , , , , , , , , , , , , , , 
 , , , , , , , , , , , , , , , , 
 , , , , , , , , , , , , , , , , 
 , , , , , , , , , , , , , , , , 
 , , , , , , , , , , , , , , , , 
 , , , , , , , , , , , , , , , , 
 , , , , , , , , , , , , , , , , 
 , , , , , , , , , , , , , , , , 
 , , , , , , , , , , , , , , , , 
 , , , , , , , , , , , , , , , , 
 , , , , , , , , , , , , , , , , 
 , , , , , , , , , , , , , , , , 
 , , , , , , , , , , , , , , , , 
 , , , , , , , , , , , , , , , , 
 , , , , , , , , , , , , , , , , 
 , , , , , , , , , , , , , , , , 
 , , , , , , , , , , , , , , , , 
 , , , , , , , , , , , , , , , , 
 , , , , , , , , , , , , , , , , 
 , , , , , , , , , , , , , , , , 
 , , , , , , , , , , , , , , , , 
 , , , , , , , , , , , , , , , , 
 , , , , , , , , , , , , , , , , 
 , , , , , , , , , , , , , , , , 
 , , , , , , , , , , , , , , , , 
 , , , , , , , , , , , , , , , , 
 , , , , , , , , , , , , , , , , 
 , , , , , , , , , , , , , , , , 
 , , , , , , , , , , , , , , , , 
 , , , , , , , , , , , , , , , , 
 , , , , , , , , , , , , , , , , 
 , , , , , , , , , , , , , , , , 
 , , , , , , , , , , , , , , , , 
 , , , , , , , , , , , , , , , , 
 , , , , , , , , , , , , , , , , 
 , , , , , , , , , , , , , , , , 
 , , , , , , , , , , , , , , , , 
 , , , , , , , , , , , , , , , , 
 , , , , , , , , , , , , , , , , 
 , , , , , , , , , , , , , , , , 
 , , , , , , , , , , , , , , , , 
 , , , , , , , , , , , , , , , , 
 , , , , , , , , , , , , , , , , 
 , , , , , , , , , , , , , , , , 
 , , , , , , , , , , , , , , , , 
 , , , , , , , , , , , , , , , , 
 , , , , , , , , , , , , , , , , 
 , , , , , , , , , , , , , , , , 
 , , , , , , , , , , , , , , , , 
 , , , , , , , , , , , , , , , , 
 , , , , , , , , , , , , , , , , 
 , , , , , , , , , , , , , , , , 
 , , , , , , , , , , , , , , , , 
 , , , , , , , , , , , , , , , , 
 , , , , , , , , , , , , , , , , 
 , , , , , , , , , , , , , , , , 
 , , , , , , , , , , , , , , , , 
 , , , , , , , , , , , , , , , , 
 , , , , , , , , , , , , , , , , 
 , , , , , , , , , , , , , , , , 
 , , , , , , , , , , , , , , , , 
 , , , , , , , , , , , , , , , , 
 , , , , , , , , , , , , , , , , 
 , , , , , , , , , , , , , , , , 
 , , , , , , , , , , , , , , , , 
 , , , , , , , , , , , , , , , , 
 , , , , , , , , , , , , , , , , 
 , , , , , , , , , , , , , , , , 
 , , , , , , , , , , , , , , , , 
 , , , , , , , , , , , , , , , , 
 , , , , , , , , , , , , , , , , 
 , , , , , , , , , , , , , , , , 
 , , , , , , , , , , , , , , , , 
 , , , , , , , , , , , , , , , , 
 , , , , , , , , , , , , , , , , 
 , , , , , , , , , , , , , , , , 
 , , , , , , , , , , , , , , , , 
 , , , , , , , , , , , , , , , , 
 , , , , , , , , , , , , , , , , 
 , , , , , , , , , , , , , , , , 
 , , , , , , , , , , , , , , , , 
 , , , , , , , , , , , , , , , , 
 , , , , , , , , , , , , , , , , 
 , , , , , , , , , , , , , , , , 
 , , , , , , , , , , , , , , , , 
 , , , , , , , , , , , , , , , , 
 , , , , , , , , , , , , , , , , 
 , , , , , , , , , , , , , , , , 
 , , , , , , , , , , , , , , , , 
 , , , , , , , , , , , , , , , , 
 , , , , , , , , , , , , , , , , 
 , , , , , , , , , , , , , , , , 
 , , , , , , , , , , , , , , , , 
 , , , , , , , , , , , , , , , , 
 , , , , , , , , , , , , , , , , 
 , , , , , , , , , , , , , , , , 
 , , , , , , , , , , , , , , , , 
 , , , , , , , , , , , , , , , , 
 , , , , , , , , , , , , , , , , 
 , , , , , , , , , , , , , , , , 
 , , , , , , , , , , , , , , , , 
 , , , , , , , , , , , , , , , , 
 , , , , , , , , , , , , , , , , 
 , , , , , , , , , , , , , , , , 
 , , , , , , , , , , , , , , , , 
 , , , , , , , , , , , , , , , , 
 , , , , , , , , , , , , , , , , 
 , , , , , , , , , , , , , , , , 
 , , , , , , , , , , , , , , , , 
 , , , , , , , , , , , , , , , , 
 , , , , , , , , , , , , , , , , 
 , , , , , , , , , , , , , , , , 
 , , , , , , , , , , , , , , , , 
 , , , , , , , , , , , , , , , , 
 , , , , , , , , , , , , , , , , 
 , , , , , , , , , , , , , , , , 
 , , , , , , , , , , , , , , , , 
 , , , , , , , , , , , , , , , , 
 , , , , , , , , , , , , , , , , 
 , , , , , , , , , , , , , , , , 
 , , , , , , , , , , , , , , , , 
 , , , , , , , , , , , , , , , , 
 , , , , , , , , , , , , , , , , 
 , , , , , , , , , , , , , , , , 
 , , , , , , , , , , , , , , , , 
 , , , , , , , , , , , , , , , , 
 , , , , , , , , , , , , , , , , 
 , , , , , , , , , , , , , , , , 
 , , , , , , , , , , , , , , , , 
 , , , , , , , , , , , , , , , , 
 , , , , , , , , , , , , , , , , 
 , , , , , , , , , , , , , , , , 
 , , , , , , , , , , , , , , , , 
 , , , , , , , , , , , , , , , , 
 , , , , , , , , , , , , , , , , 
 , , , , , , , , , , , , , , , , 
 , , , , , , , , , , , , , , , , 
 , , , , , , , , , , , , , , , , 
 , , , , , , , , , , , , , , , , 
 , , , , , , , , , , , , , , , , 
 , , , , , , , , , , , , , , , , 
 , , , , , , , , , , , , , , , , 
 , , , , , , , , , , , , , , , , 
 , , , , , , , , , , , , , , , , 
 , , , , , , , , , , , , , , , , 
 , , , , , , , , , , , , , , , , 
 , , , , , , , , , , , , , , , , 
 , , , , , , , , , , , , , , , , 
 , , , , , , , , , , , , , , , , 
 , , , , , , , , , , , , , , , , 
 , , , , , , , , , , , , , , , , 
 , , , , , , , , , , , , , , , , 
 , , , , , , , , , , , , , , , , 
 , , , , , , , , , , , , , , , , 
 , , , , , , , , , , , , , , , , 
 , , , , , , , , , , , , , , , , 
 , , , , , , , , , , , , , , , , 
 , , , , , , , , , , , , , , , , 
 , , , , , , , , , , , , , , , , 
 , , , , , , , , , , , , , , , , 
 , , , , , , , , , , , , , , , , 
 , , , , , , , , , , , , , , , , 
 , , , , , , , , , , , , , , , , 
 , , , , , , , , , , , , , , , , 
 , , , , , , , , , , , , , , , , 
 , , , , , , , , , , , , , , , , 
 , , , , , , , , , , , , , , , , 
 , , , , , , , , , , , , , , , , 
 , , , , , , , , , , , , , , , , 
 , , , , , , , , , , , , , , , , 
 , , , , , , , , , , , , , , , , 
 , , , , , , , , , , , , , , , , 
 , , , , , , , , , , , , , , , , 
 , , , , , , , , , , , , , , , , 
 , , , , , , , , , , , , , , , , 
 , , , , , , , , , , , , , , , , 
 , , , , , , , , , , , , , , , , 
 , , , , , , , , , , , , , , , , 
 , , , , , , , , , , , , , , , , 
 , , , , , , , , , , , , , , , , 
 , , , , , , , , , , , , , , , , 
 , , , , , , , , , , , , , , , , 
 , , , , , , , , , , , , , , , , 
 , , , , , , , , , , , , , , , , 
 , , , , , , , , , , , , , , , , 
 , , , , , , , , , , , , , , , , 
 , , , , , , , , , , , , , , , , 
 , , , , , , , , , , , , , , , , 
 , , , , , , , , , , , , , , , , 
 , , , , , , , , , , , , , , , , 
 , , , , , , , , , , , , , , , , 
 , , , , , , , , , , , , , , , , 
 , , , , , , , , , , , , , , , , 
 , , , , , , , , , , , , , , , , 
 , , , , , , , , , , , , , , , , 
 , , , , , , , , , , , , , , , , 
 , , , , , , , , , , , , , , , , 
 , , , , , , , , , , , , , , , , 
 , , , , , , , , , , , , , , , , 
 , , , , , , , , , , , , , , , , 
 , , , , , , , , , , , , , , , , 
 , , , , , , , , , , , , , , , , 
 , , , , , , , , , , , , , , , , 
 , , , , , , , , , , , , , , , , 
 , , , , , , , , , , , , , , , , 
 , , , , , , , , , , , , , , , , 
 , , , , , , , , , , , , , , , , 
 , , , , , , , , , , , , , , , , 
 , , , , , , , , , , , , , , , , 
 , , , , , , , , , , , , , , , , 
 , , , , , , , , , , , , , , , , 
 , , , , , , , , , , , , , , , , 
 , , , , , , , , , , , , , , , , 
 , , , , , , , , , , , , , , , , 
 , , , , , , , , , , , , , , , , 
 , , , , , , , , , , , , , , , , 
 , , , , , , , , , , , , , , , , 
 , , , , , , , , , , , , , , , , 
 , , , , , , , , , , , , , , , , 
 , , , , , , , , , , , , , , , , 
 , , , , , , , , , , , , , , , , 
 , , , , , , , , , , , , , , , , 
 , , , , , , , , , , , , , , , , 
 , , , , , , , , , , , , , , , , 
 , , , , , , , , , , , , , , , , 
 , , , , , , , , , , , , , , , , 
 , , , , , , , , , , , , , , , , 
 , , , , , , , , , , , , , , , , 
 , , , , , , , , , , , , , , , , 
 , , , , , , , , , , , , , , , , 
 , , , , , , , , , , , , , , , , 
 , , , , , , , , , , , , , , , , 
 , , , , , , , , , , , , , , , , 
 , , , , , , , , , , , , , , , , 
 , , , , , , , , , , , , , , , , 
 , , , , , , , , , , , , , , , , 
 , , , , , , , , , , , , , , , , 
 , , , , , , , , , , , , , , , , 
 , , , , , , , , , , , , , , , , 
 , , , , , , , , , , , , , , , , 
 , , , , , , , , , , , , , , , , 
 , , , , , , , , , , , , , , , , 
 , , , , , , , , , , , , , , , , 
 , , , , , , , , , , , , , , , , 
 , , , , , , , , , , , , , , , , 
 , , , , , , , , , , , , , , , , 
 , , , , , , , , , , , , , , , , 
 , , , , , , , , , , , , , , , , 
 , , , , , , , , , , , , , , , , 
 , , , , , , , , , , , , , , , , 
 , , , , , , , , , , , , , , , , 
 , , , , , , , , , , , , , , , , 
 , , , , , , , , , , , , , , , , 
 , , , , , , , , , , , , , , , , 
 , , , , , , , , , , , , , , , , 
 , , , , , , , , , , , , , , , , 
 , , , , , , , , , , , , , , , , 
 , , , , , , , , , , , , , , , , 
 , , , , , , , , , , , , , , , , 
 , , , , , , , , , , , , , , , , 
 , , , , , , , , , , , , , , , , 
 , , , , , , , , , , , , , , , , 
 , , , , , , , , , , , , , , , , 
 , , , , , , , , , , , , , , , , 
 , , , , , , , , , , , , , , , , 
 , , , , , , , , , , , , , , , , 
 , , , , , , , , , , , , , , , , 
 , , , , , , , , , , , , , , , , 
 , , , , , , , , , , , , , , , , 
 , , , , , , , , , , , , , , , , 
 , , , , , , , , , , , , , , , , 
 , , , , , , , , , , , , , , , , 
 , , , , , , , , , , , , , , , , 
 , , , , , , , , , , , , , , , , 
 , , , , , , , , , , , , , , , , 
 , , , , , , , , , , , , , , , , 
 , , , , , , , , , , , , , , , , 
 , , , , , , , , , , , , , , , , 
 , , , , , , , , , , , , , , , , 
 , , , , , , , , , , , , , , , , 
 , , , , , , , , , , , , , , , , 
 , , , , , , , , , , , , , , , , 
 , , , , , , , , , , , , , , , , 
 , , , , , , , , , , , , , , , , 
 , , , , , , , , , , , , , , , , 
 , , , , , , , , , , , , , , , , 
 , , , , , , , , , , , , , , , , 
 , , , , , , , , , , , , , , , , 
 , , , , , , , , , , , , , , , , 
 , , , , , , , , , , , , , , , , 
 , , , , , , , , , , , , , , , , 
 , , , , , , , , , , , , , , , , 
 , , , , , , , , , , , , , , , , 
 , , , , , , , , , , , , , , , , 
 , , , , , , , , , , , , , , , , 
 , , , , , , , , , , , , , , , , 
 , , , , , , , , , , , , , , , , 
 , , , , , , , , , , , , , , , , 
 , , , , , , , , , , , , , , , , 
 , , , , , , , , , , , , , , , , 
 , , , , , , , , , , , , , , , , 
 , , , , , , , , , , , , , , , , 
 , , , , , , , , , , , , , , , , 
 , , , , , , , , , , , , , , , , 
 , , , , , , , , , , , , , , , , 
 , , , , , , , , , , , , , , , , 
 , , , , , , , , , , , , , , , , 
 , , , , , , , , , , , , , , , , 
 , , , , , , , , , , , , , , , , 
 , , , , , , , , , , , , , , , , 
 , , , , , , , , , , , , , , , , 
 , , , , , , , , , , , , , , , , 
 , , , , , , , , , , , , , , , , 
 , , , , , , , , , , , , , , , , 
 , , , , , , , , , , , , , , , , 
 , , , , , , , , , , , , , , , , 
 , , , , , , , , , , , , , , , , 
 , , , , , , , , , , , , , , , , 
 , , , , , , , , , , , , , , , , 
 , , , , , , , , , , , , , , , , 
 , , , , , , , , , , , , , , , , 
 , , , , , , , , , , , , , , , , 
 , , , , , , , , , , , , , , , , 
 , , , , , , , , , , , , , , , , 
 , , , , , , , , , , , , , , , , 
 , , , , , , , , , , , , , , , , 
 , , , , , , , , , , , , , , , , 
 , , , , , , , , , , , , , , , , 
 , , , , , , , , , , , , , , , , 
 , , , , , , , , , , , , , , , , 
 , , , , , , , , , , , , , , , , 
 , , , , , , , , , , , , , , , , 
 , , , , , , , , , , , , , , , , 
 , , , , , , , , , , , , , , , , 
 , , , , , , , , , , , , , , , , 
 , , , , , , , , , , , , , , , , 
 , , , , , , , , , , , , , , , , 
 , , , , , , , , , , , , , , , , 
 , , , , , , , , , , , , , , , , 
 , , , , , , , , , , , , , , , , 
 , , , , , , , , , , , , , , , , 
 , , , , , , , , , , , , , , , , 
 , , , , , , , , , , , , , , , , 
 , , , , , , , , , , , , , , , , 
 , , , , , , , , , , , , , , , , 
 , , , , , , , , , , , , , , , , 
 , , , , , , , , , , , , , , , , 
 , , , , , , , , , , , , , , , , 
 , , , , , , , , , , , , , , , , 
 , , , , , , , , , , , , , , , , 
 , , , , , , , , , , , , , , , , 
 , , , , , , , , , , , , , , , , 
 , , , , , , , , , , , , , , , , 
 , , , , , , , , , , , , , , , , 
 , , , , , , , , , , , , , , , , 
 , , , , , , , , , , , , , , , , 
 , , , , , , , , , , , , , , , , 
 , , , , , , , , , , , , , , , , 
 , , , , , , , , , , , , , , , , 
 , , , , , , , , , , , , , , , , 
 , , , , , , , , , , , , , , , , 
 , , , , , , , , , , , , , , , , 
 , , , , , , , , , , , , , , , , 
 , , , , , , , , , , , , , , , , 
 , , , , , , , , , , , , , , , , 
 , , , , , , , , , , , , , , , , 
 , , , , , , , , , , , , , , , , 
 , , , , , , , , , , , , , , , , 
 , , , , , , , , , , , , , , , , 
 , , , , , , , , , , , , , , , , 
 , , , , , , , , , , , , , , , , 
 , , , , , , , , , , , , , , , , 
 , , , , , , , , , , , , , , , , 
 , , , , , , , , , , , , , , , , 
 , , , , , , , , , , , , , , , , 
 , , , , , , , , , , , , , , , , 
 , , , , , , , , , , , , , , , , 
 , , , , , , , , , , , , , , , , 
 , , , , , , , , , , , , , , , , 
 , , , , , , , , , , , , , , , , 
 , , , , , , , , , , , , , , , , 
 , , , , , , , , , , , , , , , , 
 , , , , , , , , , , , , , , , , 
 , , , , , , , , , , , , , , , , 
 , , , , , , , , , , , , , , , , 
 , , , , , , , , , , , , , , , , 
 , , , , , , , , , , , , , , , , 
 , , , , , , , , , , , , , , , , 
 , , , , , , , , , , , , , , , , 
 , , , , , , , , , , , , , , , , 
 , , , , , , , , , , , , , , , , 
 , , , , , , , , , , , , , , , , 
 , , , , , , , , , , , , , , , , 
 , , , , , , , , , , , , , , , , 
 , , , , , , , , , , , , , , , , 
 , , , , , , , , , , , , , , , , 
 , , , , , , , , , , , , , , , , 
 , , , , , , , , , , , , , , , , 
 , , , , , , , , , , , , , , , , 
 , , , , , , , , , , , , , , , , 
 , , , , , , , , , , , , , , , , 
 , , , , , , , , , , , , , , , , 
 , , , , , , , , , , , , , , , , 
 , , , , , , , , , , , , , , , , 
 , , , , , , , , , , , , , , , , 
 , , , , , , , , , , , , , , , , 
 , , , , , , , , , , , , , , , , 
 , , , , , , , , , , , , , , , , 
 , , , , , , , , , , , , , , , , 
 , , , , , , , , , , , , , , , , 
 , , , , , , , , , , , , , , , , 
 , , , , , , , , , , , , , , , , 
 , , , , , , , , , , , , , , , , 
 , , , , , , , , , , , , , , , , 
 , , , , , , , , , , , , , , , , 
 , , , , , , , , , , , , , , , , 
 , , , , , , , , , , , , , , , , 
 , , , , , , , , , , , , , , , , 
 , , , , , , , , , , , , , , , , 
 , , , , , , , , , , , , , , , , 
 , , , , , , , , , , , , , , , , 
 , , , , , , , , , , , , , , , , 
 , , , , , , , , , , , , , , , , 
 , , , , , , , , , , , , , , , , 
 , , , , , , , , , , , , , , , , 
 , , , , , , , , , , , , , , , , 
 , , , , , , , , , , , , , , , , 
 , , , , , , , , , , , , , , , , 
 , , , , , , , , , , , , , , , , 
 , , , , , , , , , , , , , , , , 
 , , , , , , , , , , , , , , , , 
 , , , , , , , , , , , , , , , , 
 , , , , , , , , , , , , , , , , 
 , , , , , , , , , , , , , , , , 
 , , , , , , , , , , , , , , , , 
 , , , , , , , , , , , , , , , , 
 , , , , , , , , , , , , , , , , 
 , , , , , , , , , , , , , , , , 
 , , , , , , , , , , , , , , , , 
 , , , , , , , , , , , , , , , , 
 , , , , , , , , , , , , , , , , 
 , , , , , , , , , , , , , , , , 
 , , , , , , , , , , , , , , , , 
 , , , , , , , , , , , , , , , , 
 , , , , , , , , , , , , , , , , 
 , , , , , , , , , , , , , , , , 
 , , , , , , , , , , , , , , , , 
 , , , , , , , , , , , , , , , , 
 , , , , , , , , , , , , , , , , 
 , , , , , , , , , , , , , , , , 
 , , , , , , , , , , , , , , , , 
 , , , , , , , , , , , , , , , , 
 , , , , , , , , , , , , , , , , 
 , , , , , , , , , , , , , , , , 
 , , , , , , , , , , , , , , , , 
 , , , , , , , , , , , , , , , , 
 , , , , , , , , , , , , , , , , 
 , , , , , , , , , , , , , , , , 
 , , , , , , , , , , , , , , , , 
 , , , , , , , , , , , , , , , , 
 , , , , , , , , , , , , , , , , 
 , , , , , , , , , , , , , , , , 
 , , , , , , , , , , , , , , , , 
 , , , , , , , , , , , , , , , , 
 , , , , , , , , , , , , , , , , 
 , , , , , , , , , , , , , , , , 
 , , , , , , , , , , , , , , , , 
 , , , , , , , , , , , , , , , , 
 , , , , , , , , , , , , , , , , 
 , , , , , , , , , , , , , , , , 
 , , , , , , , , , , , , , , , , 
 , , , , , , , , , , , , , , , , 
 , , , , , , , , , , , , , , , , 
 , , , , , , , , , , , , , , , , 
 , , , , , , , , , , , , , , , , 
 , , , , , , , , , , , , , , , , 
 , , , , , , , , , , , , , , , , 
 , , , , , , , , , , , , , , , , 
 , , , , , , , , , , , , , , , , 
 , , , , , , , , , , , , , , , , 
 , , , , , , , , , , , , , , , , 
 , , , , , , , , , , , , , , , , 
 , , , , , , , , , , , , , , , , 
 , , , , , , , , , , , , , , , , 
 , , , , , , , , , , , , , , , , 
 , , , , , , , , , , , , , , , , 
 , , , , , , , , , , , , , , , , 
 , , , , , , , , , , , , , , , , 
 , , , , , , , , , , , , , , , , 
 , , , , , , , , , , , , , , , , 
 , , , , , , , , , , , , , , , , 
 , , , , , , , , , , , , , , , , 
 , , , , , , , , , , , , , , , , 
 , , , , , , , , , , , , , , , , 
 , , , , , , , , , , , , , , , , 
 , , , , , , , , , , , , , , , , 
 , , , , , , , , , , , , , , , , 
 , , , , , , , , , , , , , , , , 
 , , , , , , , , , , , , , , , , 
 , , , , , , , , , , , , , , , , 
 , , , , , , , , , , , , , , , , 
 , , , , , , , , , , , , , , , , 
 , , , , , , , , , , , , , , , , 
 , , , , , , , , , , , , , , , , 
 , , , , , , , , , , , , , , , , 
 , , , , , , , , , , , , , , , , 
 , , , , , , , , , , , , , , , , 
 , , , , , , , , , , , , , , , , 
 , , , , , , , , , , , , , , , , 
 , , , , , , , , , , , , , , , , 
 , , , , , , , , , , , , , , , , 
 , , , , , , , , , , , , , , , , 
 , , , , , , , , , , , , , , , , 
 , , , , , , , , , , , , , , , , 
 , , , , , , , , , , , , , , , , 
 , , , , , , , , , , , , , , , , 
 , , , , , , , , , , , , , , , , 
 , , , , , , , , , , , , , , , , 
 , , , , , , , , , , , , , , , , 
 , , , , , , , , , , , , , , , , 
 , , , , , , , , , , , , , , , , 
 , , , , , , , , , , , , , , , , 
 , , , , , , , , , , , , , , , , 
 , , , , , , , , , , , , , , , , 
 , , , , , , , , , , , , , , , , 
 , , , , , , , , , , , , , , , , 
 , , , , , , , , , , , , , , , , 
 , , , , , , , , , , , , , , , , 
 , , , , , , , , , , , , , , , , 
 , , , , , , , , , , , , , , , , 
 , , , , , , , , , , , , , , , , 
 , , , , , , , , , , , , , , , , 
 , , , , , , , , , , , , , , , , 
 , , , , , , , , , , , , , , , , 
 , , , , , , , , , , , , , , , , 
 , , , , , , , , , , , , , , , , 
 , , , , , , , , , , , , , , , , 
 , , , , , , , , , , , , , , , , 
 , , , , , , , , , , , , , , , , 
 , , , , , , , , , , , , , , , , 
 , , , , , , , , , , , , , , , , 
 , , , , , , , , , , , , , , , , 
 , , , , , , , , , , , , , , , , 
 , , , , , , , , , , , , , , , , 
 , , , , , , , , , , , , , , , , 
 , , , , , , , , , , , , , , , , 
 , , , , , , , , , , , , , , , , 
 , , , , , , , , , , , , , , , , 
 , , , , , , , , , , , , , , , , 
 , , , , , , , , , , , , , , , , 
 , , , , , , , , , , , , , , , , 
 , , , , , , , , , , , , , , , , 
 , , , , , , , , , , , , , , , , 
 , , , , , , , , , , , , , , , , 
 , , , , , , , , , , , , , , , , 
 , , , , , , , , , , , , , , , , 
 , , , , , , , , , , , , , , , , 
 , , , , , , , , , , , , , , , , 
 , , , , , , , , , , , , , , , , 
 , , , , , , , , , , , , , , , , 
 , , , , , , , , , , , , , , , , 
 , , , , , , , , , , , , , , , , 
 , , , , , , , , , , , , , , , , 
 , , , , , , , , , , , , , , , , 
 , , , , , , , , , , , , , , , , 
 , , , , , , , , , , , , , , , , 
 , , , , , , , , , , , , , , , , 
 , , , , , , , , , , , , , , , , 
 , , , , , , , , , , , , , , , , 
 , , , , , , , , , , , , , , , , 
 , , , , , , , , , , , , , , , , 
 , , , , , , , , , , , , , , , , 
 , , , , , , , , , , , , , , , , 
 , , , , , , , , , , , , , , , , 
 , , , , , , , , , , , , , , , , 
 , , , , , , , , , , , , , , , , 
 , , , , , , , , , , , , , , , , 
 , , , , , , , , , , , , , , , , 
 , , , , , , , , , , , , , , , , 
 , , , , , , , , , , , , , , , , 
 , , , , , , , , , , , , , , , , 
 , , , , , , , , , , , , , , , , 
 , , , , , , , , , , , , , , , , 
 , , , , , , , , , , , , , , , , 
 , , , , , , , , , , , , , , , , 
 , , , , , , , , , , , , , , , , 
 , , , , , , , , , , , , , , , , 
 , , , , , , , , , , , , , , , , 
 , , , , , , , , , , , , , , , , 
 , , , , , , , , , , , , , , , , 
 , , , , , , , , , , , , , , , , 
 , , , , , , , , , , , , , , , , 
 , , , , , , , , , , , , , , , , 
 , , , , , , , , , , , , , , , , 
 , , , , , , , , , , , , , , , , 
 , , , , , , , , , , , , , , , , 
 , , , , , , , , , , , , , , , , 
 , , , , , , , , , , , , , , , , 
 , , , , , , , , , , , , , , , , 
 , , , , , , , , , , , , , , , , 
 , , , , , , , , , , , , , , , , 
 , , , , , , , , , , , , , , , , 
 , , , , , , , , , , , , , , , , 
 , , , , , , , , , , , , , , , , 
 , , , , , , , , , , , , , , , , 
 , , , , , , , , , , , , , , , , 
 , , , , , , , , , , , , , , , , 
 , , , , , , , , , , , , , , , , 
 , , , , , , , , , , , , , , , , 
 , , , , , , , , , , , , , , , , 
 , , , , , , , , , , , , , , , , 
 , , , , , , , , , , , , , , , , 
 , , , , , , , , , , , , , , , , 
 , , , , , , , , , , , , , , , , 
 , , , , , , , , , , , , , , , , 
 , , , , , , , , , , , , , , , , 
 , , , , , , , , , , , , , , , , 
 , , , , , , , , , , , , , , , , 
 , , , , , , , , , , , , , , , , 
 , , , , , , , , , , , , , , , , 
 , , , , , , , , , , , , , , , , 
 , , , , , , , , , , , , , , , , 
 , , , , , , , , , , , , , , , , 
 , , , , , , , , , , , , , , , , 
 , , , , , , , , , , , , , , , , 
 , , , , , , , , , , , , , , , , 
 , , , , , , , , , , , , , , , , 
 , , , , , , , , , , , , , , , , 
 , , , , , , , , , , , , , , , , 
 , , , , , , , , , , , , , , , , 
 , , , , , , , , , , , , , , , , 
 , , , , , , , , , , , , , , , , 
 , , , , , , , , , , , , , , , , 
 , , , , , , , , , , , , , , , , 
 , , , , , , , , , , , , , , , , 
 , , , , , , , , , , , , , , , , 
 , , , , , , , , , , , , , , , , 
 , , , , , , , , , , , , , , , , 
 , , , , , , , , , , , , , , , , 
 , , , , , , , , , , , , , , , , 
 , , , , , , , , , , , , , , , , 
 , , , , , , , , , , , , , , , , 
 , , , , , , , , , , , , , , , , 
 , , , , , , , , , , , , , , , , 
 , , , , , , , , , , , , , , , , 
 , , , , , , , , , , , , , , , , 
 , , , , , , , , , , , , , , , , 
 , , , , , , , , , , , , , , , , 
 , , , , , , , , , , , , , , , , 
 , , , , , , , , , , , , , , , , 
 , , , , , , , , , , , , , , , , 
 , , , , , , , , , , , , , , , , 
 , , , , , , , , , , , , , , , , 
 , , , , , , , , , , , , , , , , 
 , , , , , , , , , , , , , , , , 
 , , , , , , , , , , , , , , , , 
 , , , , , , , , , , , , , , , , 
 , , , , , , , , , , , , , , , , 
 , , , , , , , , , , , , , , , , 
 , , , , , , , , , , , , , , , , 
 , , , , , , , , , , , , , , , , 
 , , , , , , , , , , , , , , , , 
 , , , , , , , , , , , , , , , , 
 , , , , , , , , , , , , , , , , 
 , , , , , , , , , , , , , , , , 
 , , , , , , , , , , , , , , , , 
 , , , , , , , , , , , , , , , , 
 , , , , , , , , , , , , , , , , 
 , , , , , , , , , , , , , , , , 
 , , , , , , , , , , , , , , , , 
 , , , , , , , , , , , , , , , , 
 , , , , , , , , , , , , , , , , 
 , , , , , , , , , , , , , , , , 
 , , , , , , , , , , , , , , , , 
 , , , , , , , , , , , , , , , , 
 , , , , , , , , , , , , , , , , 
 , , , , , , , , , , , , , , , , 
 , , , , , , , , , , , , , , , , 
 , , , , , , , , , , , , , , , , 
 , , , , , , , , , , , , , , , , 
 , , , , , , , , , , , , , , , , 
 , , , , , , , , , , , , , , , , 
 , , , , , , , , , , , , , , , , 
 , , , , , , , , , , , , , , , , 
 , , , , , , , , , , , , , , , , 
 , , , , , , , , , , , , , , , , 
 , , , , , , , , , , , , , , , , 
 , , , , , , , , , , , , , , , , 
 , , , , , , , , , , , , , , , , 
 , , , , , , , , , , , , , , , , 
 , , , , , , , , , , , , , , , , 
 , , , , , , , , , , , , , , , , 
 , , , , , , , , , , , , , , , , 
 , , , , , , , , , , , , , , , , 
 , , , , , , , , , , , , , , , , 
 , , , , , , , , , , , , , , , , 
 , , , , , , , , , , , , , , , , 
 , , , , , , , , , , , , , , , , 
 , , , , , , , , , , , , , , , , 
 , , , , , , , , , , , , , , , , 
 , , , , , , , , , , , , , , , , 
 , , , , , , , , , , , , , , , , 
 , , , , , , , , , , , , , , , , 
 , , , , , , , , , , , , , , , , 
 , , , , , , , , , , , , , , , , 
 , , , , , , , , , , , , , , , , 
 , , , , , , , , , , , , , , , , 
 , , , , , , , , , , , , , , , , 
 , , , , , , , , , , , , , , , , 
 , , , , , , , , , , , , , , , , 
 , , , , , , , , , , , , , , , , 
 , , , , , , , , , , , , , , , , 
 , , , , , , , , , , , , , , , , 
 , , , , , , , , , , , , , , , , 
 , , , , , , , , , , , , , , , , 
 , , , , , , , , , , , , , , , , 
 , , , , , , , , , , , , , , , , 
 , , , , , , , , , , , , , , , , 
 , , , , , , , , , , , , , , , , 
 , , , , , , , , , , , , , , , , 
 , , , , , , , , , , , , , , , , 
 , , , , , , , , , , , , , , , , 
 , , , , , , , , , , , , , , , , 
 , , , , , , , , , , , , , , , , 
 , , , , , , , , , , , , , , , , 
 , , , , , , , , , , , , , , , , 
 , , , , , , , , , , , , , , , , 
 , , , , , , , , , , , , , , , , 
 , , , , , , , , , , , , , , , , 
 , , , , , , , , , , , , , , , , 
 , , , , , , , , , , , , , , , , 
 , , , , , , , , , , , , , , , , 
 , , , , , , , , , , , , , , , , 
 , , , , , , , , , , , , , , , , 
 , , , , , , , , , , , , , , , , 
 , , , , , , , , , , , , , , , , 
 , , , , , , , , , , , , , , , , 
 , , , , , , , , , , , , , , , , 
 , , , , , , , , , , , , , , , , 
 , , , , , , , , , , , , , , , , 
 , , , , , , , , , , , , , , , , 
 , , , , , , , , , , , , , , , , 
 , , , , , , , , , , , , , , , , 
 , , , , , , , , , , , , , , , , 
 , , , , , , , , , , , , , , , , 
 , , , , , , , , , , , , , , , , 
 , , , , , , , , , , , , , , , , 
 , , , , , , , , , , , , , , , , 
 , , , , , , , , , , , , , , , , 
 , , , , , , , , , , , , , , , , 
 , , , , , , , , , , , , , , , , 
 , , , , , , , , , , , , , , , , 
 , , , , , , , , , , , , , , , , 
 , , , , , , , , , , , , , , , , 
 , , , , , , , , , , , , , , , , 
 , , , , , , , , , , , , , , , , 
 , , , , , , , , , , , , , , , , 
 , , , , , , , , , , , , , , , , 
 , , , , , , , , , , , , , , , , 
 , , , , , , , , , , , , , , , , 
 , , , , , , , , , , , , , , , , 
 , , , , , , , , , , , , , , , , 
 , , , , , , , , , , , , , , , , 
 , , , , , , , , , , , , , , , , 
 , , , , , , , , , , , , , , , , 
 , , , , , , , , , , , , , , , , 
 , , , , , , , , , , , , , , , , 
 , , , , , , , , , , , , , , , , 
 , , , , , , , , , , , , , , , , 
 , , , , , , , , , , , , , , , , 
 , , , , , , , , , , , , , , , , 
 , , , , , , , , , , , , , , , , 
 , , , , , , , , , , , , , , , , 
 , , , , , , , , , , , , , , , , 
 , , , , , , , , , , , , , , , , 
 , , , , , , , , , , , , , , , , 
 , , , , , , , , , , , , , , , , 
 , , , , , , , , , , , , , , , , 
 , , , , , , , , , , , , , , , , 
 , , , , , , , , , , , , , , , , 
 , , , , , , , , , , , , , , , , 
 , , , , , , , , , , , , , , , , 
 , , , , , , , , , , , , , , , , 
 , , , , , , , , , , , , , , , , 
 , , , , , , , , , , , , , , , , 
 , , , , , , , , , , , , , , , , 
 , , , , , , , , , , , , , , , , 
 , , , , , , , , , , , , , , , , 
 , , , , , , , , , , , , , , , , 
 , , , , , , , , , , , , , , , , 
 , , , , , , , , , , , , , , , , 
 , , , , , , , , , , , , , , , , 
 , , , , , , , , , , , , , , , , 
 , , , , , , , , , , , , , , , , 
 , , , , , , , , , , , , , , , , 
 , , , , , , , , , , , , , , , , 
 , , , , , , , , , , , , , , , , 
 , , , , , , , , , , , , , , , , 
 , , , , , , , , , , , , , , , , 
 , , , , , , , , , , , , , , , , 
 , , , , , , , , , , , , , , , , 
 , , , , , , , , , , , , , , , , 
 , , , , , , , , , , , , , , , , 
 , , , , , , , , , , , , , , , , 
 , , , , , , , , , , , , , , , , 
 , , , , , , , , , , , , , , , , 
 , , , , , , , , , , , , , , , , 
 , , , , , , , , , , , , , , , , 
 , , , , , , , , , , , , , , , , 
 , , , , , , , , , , , , , , , , 
 , , , , , , , , , , , , , , , , 
 , , , , , , , , , , , , , , , , 
 , , , , , , , , , , , , , , , , 
 , , , , , , , , , , , , , , , , 
 , , , , , , , , , , , , , , , , 
 , , , , , , , , , , , , , , , , 
 , , , , , , , , , , , , , , , , 
 , , , , , , , , , , , , , , , , 
 , , , , , , , , , , , , , , , , 
 , , , , , , , , , , , , , , , , 
 , , , , , , , , , , , , , , , , 
 , , , , , , , , , , , , , , , , 
 , , , , , , , , , , , , , , , , 
 , , , , , , , , , , , , , , , , 
 , , , , , , , , , , , , , , , , 
 , , , , , , , , , , , , , , , , 
 , , , , , , , , , , , , , , , , 
 , , , , , , , , , , , , , , , , 
 , , , , , , , , , , , , , , , , 
 , , , , , , , , , , , , , , , , 
 , , , , , , , , , , , , , , , , 
 , , , , , , , , , , , , , , , , 
 , , , , , , , , , , , , , , , , 
 , , , , , , , , , , , , , , , , 
 , , , , , , , , , , , , , , , , 
 , , , , , , , , , , , , , , , , 
 , , , , , , , , , , , , , , , , 
 , , , , , , , , , , , , , , , , 
 , , , , , , , , , , , , , , , , 
 , , , , , , , , , , , , , , , , 
 , , , , , , , , , , , , , , , , 
 , , , , , , , , , , , , , , , , 
 , , , , , , , , , , , , , , , , 
 , , , , , , , , , , , , , , , , 
 , , , , , , , , , , , , , , , , 
 , , , , , , , , , , , , , , , , 
 , , , , , , , , , , , , , , , , 
 , , , , , , , , , , , , , , , , 
 , , , , , , , , , , , , , , , , 
 , , , , , , , , , , , , , , , , 
 , , , , , , , , , , , , , , , , 
 , , , , , , , , , , , , , , , , 
 , , , , , , , , , , , , , , , , 
 , , , , , , , , , , , , , , , , 
 , , , , , , , , , , , , , , , , 
 , , , , , , , , , , , , , , , , 
 , , , , , , , , , , , , , , , , 
 , , , , , , , , , , , , , , , , 
 , , , , , , , , , , , , , , , , 
 , , , , , , , , , , , , , , , , 
 , , , , , , , , , , , , , , , , 
 , , , , , , , , , , , , , , , , 
 , , , , , , , , , , , , , , , , 
 , , , , , , , , , , , , , , , , 
 , , , , , , , , , , , , , , , , 
 , , , , , , , , , , , , , , , , 
 , , , , , , , , , , , , , , , , 
 , , , , , , , , , , , , , , , , 
 , , , , , , , , , , , , , , , , 
 , , , , , , , , , , , , , , , , 
 , , , , , , , , , , , , , , , , 
 , , , , , , , , , , , , , , , , 
 , , , , , , , , , , , , , , , , 
 , , , , , , , , , , , , , , , , 
 , , , , , , , , , , , , , , , , 
 , , , , , , , , , , , , , , , , 
 , , , , , , , , , , , , , , , , 
 , , , , , , , , , , , , , , , , 
 , , , , , , , , , , , , , , , , 
 , , , , , , , , , , , , , , , , 
 , , , , , , , , , , , , , , , , 
 , , , , , , , , , , , , , , , , 
 , , , , , , , , , , , , , , , , 
 , , , , , , , , , , , , , , , , 
 , , , , , , , , , , , , , , , , 
 , , , , , , , , , , , , , , , , 
 , , , , , , , , , , , , , , , , 
 , , , , , , , , , , , , , , , , 
 , , , , , , , , , , , , , , , , 
 , , , , , , , , , , , , , , , , 
 , , , , , , , , , , , , , , , , 
 , , , , , , , , , , , , , , , , 
 , , , , , , , , , , , , , , , , 
 , , , , , , , , , , , , , , , , 
 , , , , , , , , , , , , , , , , 
 , , , , , , , , , , , , , , , , 
 , , , , , , , , , , , , , , , , 
 , , , , , , , , , , , , , , , , 
 , , , , , , , , , , , , , , , , 
 , , , , , , , , , , , , , , , , 
 , , , , , , , , , , , , , , , , 
 , , , , , , , , , , , , , , , , 
 , , , , , , , , , , , , , , , , 
 , , , , , , , , , , , , , , , , 
 , , , , , , , , , , , , , , , , 
 , , , , , , , , , , , , , , , , 
 , , , , , , , , , , , , , , , , 
 , , , , , , , , , , , , , , , , 
 , , , , , , , , , , , , , , , , 
 , , , , , , , , , , , , , , , , 
 , , , , , , , , , , , , , , , , 
 , , , , , , , , , , , , , , , , 
 , , , , , , , , , , , , , , , , 
 , , , , , , , , , , , , , , , , 
 , , , , , , , , , , , , , , , , 
 , , , , , , , , , , , , , , , , 
 , , , , , , , , , , , , , , , , 
 , , , , , , , , , , , , , , , , 
 , , , , , , , , , , , , , , , , 
 , , , , , , , , , , , , , , , , 
 , , , , , , , , , , , , , , , , 
 , , , , , , , , , , , , , , , , 
 , , , , , , , , , , , , , , , , 
 , , , , , , , , , , , , , , , , 
 , , , , , , , , , , , , , , , , 
 , , , , , , , , , , , , , , , , 
 , , , , , , , , , , , , , , , , 
 , , , , , , , , , , , , , , , , 
 , , , , , , , , , , , , , , , , 
 , , , , , , , , , , , , , , , , 
 , , , , , , , , , , , , , , , , 
 , , , , , , , , , , , , , , , , 
 , , , , , , , , , , , , , , , , 
 , , , , , , , , , , , , , , , , 
 , , , , , , , , , , , , , , , , 
 , , , , , , , , , , , , , , , , 
 , , , , , , , , , , , , , , , , 
 , , , , , , , , , , , , , , , , 
 , , , , , , , , , , , , , , , , 
 , , , , , , , , , , , , , , , , 
 , , , , , , , , , , , , , , , , 
 , , , , , , , , , , , , , , , , 
 , , , , , , , , , , , , , , , , 
 , , , , , , , , , , , , , , , , 
 , , , , , , , , , , , , , , , , 
 , , , , , , , , , , , , , , , , 
 , , , , , , , , , , , , , , , , 
 , , , , , , , , , , , , , , , , 
 , , , , , , , , , , , , , , , , 
 , , , , , , , , , , , , , , , , 
 , , , , , , , , , , , , , , , , 
 , , , , , , , , , , , , , , , , 
